OSMNumber,smiles,series,EC50_Inh,IC50_GSK,IC50_Syngene,IC50_Dundee,IC50_Avery,IC50_Ralph,IC50_Guy,IC50_Batra,IC50_Broad
OSM-S-5,FC1=CC=C(N2C(C)=CC(C(OCC(N)=O)=O)=C2C)C=C1,1,,0.818; 0.177,,,0.404,0.61,,0.581,
OSM-L-1,CC(N1C2=CC(F)=CC=C2)=CC(/C=C(C(N/3C4=CC=CC=C4)=O)\SC3=N/C5=CC=CC=C5)=C1C,1,,,,,,,,3.2,
OSM-S-109,O=C(/C(S/1)=C/C2=C(C)N(C3=CC=C([N+]([O-])=O)C=C3)C(C)=C2)NC1=N\C4=CC=CC=C4,1,,,,,0.262,,,,
OSM-S-110,O=C(/C(S/1)=C/C2=C(C)N(C3=CC=C([N+]([O-])=O)C=C3)C(C)=C2)NC1=N\C4=CC(O)=CC=C4,1,,,,,2.3,,,,
OSM-S-111,O=C(/C(S/1)=C/C2=C(C)N(C3=CC=C(OC)C=C3)C(C)=C2)NC1=N\C4=CC=CC=C4,1,,,,,0.146,,0.147,,
OSM-S-115,O=C(/C(S/1)=C/C2=C(C)N(C3=CC=CC=C3)C(C)=C2)NC1=N\C4=CC=C(O)C=C4,1,,,,,1.8,,,,
OSM-S-112,O=C(/C(S/1)=C/C2=C(C)N(C3=CC=C(OC)C=C3)C(C)=C2)NC1=N\C4=CC(O)=CC=C4,1,,,,,1.6,,,,
OSM-S-114,O=C(/C(S/1)=C/C2=C(C)N(C3=CC=CC=C3)C(C)=C2)NC1=N\C4=CC(O)=CC=C4,1,,,,,1.2,,,,
OSM-S-108,O=C(/C(S/1)=C/C2=C(C)NC(C)=C2)NC1=N\C3=CC=CC=C3,1,,,,,1.2,,,,
OSM-S-35,CC1=C(/C=C2S/C(NC\2=O)=N\C3=CC=CC=C3)C=C(C)N1C4=CC=CC=C4,1,,0.036; 0.012,,,0.026; 0.038,0.011,,,
OSM-S-6,CC(N1C2=CC=C(F)C=C2)=CC(C(OCC(NC(C3=O)=C(N(N3C4=CC=CC=C4)C)C)=O)=O)=C1C,1,,0.245,,,0.345,0.387,,,
OSM-S-10,FC1=CC=C(N2C(C)=CC(/C=C3S/C(NC\3=O)=N\C4=CC=CC=C4)=C2C)C=C1,1,,0.032,,,0.176,0.201,,,
OSM-S-3,O=C(C1=C(C)N(C2=CC=C(F)C=C2)C(C)=C1)OCC,1,,5,,,11.96,1,,,
OSM-S-9,FC1=CC=C(C=C1)N2C(C)=CC(/C=C(SC(N(C3=CC=CC=C3)C(C)=O)=N4)/C4=O)=C2C,1,,0.047,,,0.047,0.023,,,
OSM-S-380,FC(OC(C=C1)=CC=C1C2=NN=C3C=NC=C(CN4CC(C=CC=C5)=C5C4)N32)F,4,0.11,,,,,,,,
OSM-S-201,O=C(NC1=C(C)C(Cl)=CC=C1)C2=CN=CC(N23)=NN=C3C4=CC=C(OC(F)F)C=C4,4,5,5,,4.191,,,,,
OSM-S-202,FC(F)OC(C=C1)=CC=C1C2=NN=C3C=NC=C(C(NC4=CC=CC(Cl)=C4)=O)N32,4,0.18,0.242,,,,,,,
OSM-S-189,N#CC(C=C1)=CC=C1C2=NN=C3C=NC=C(OCCC4=CC=CC=C4Cl)N32,4,,0.309,,,,,,,
OSM-S-366,FC(F)(F)C(C=C1)=NC=C1C2=NN=C3C=NC=C(OCCC4=CC(F)=C(F)C=C4)N32,4,0.2621,,,0.521,,,,,
OSM-S-206,FC(F)OC(C=C1)=CC=C1C2=NN=C3C=NC=C(C(NC4=CC(C(F)(F)F)=CC(C(F)(F)F)=C4)=O)N32,4,,0.309,,,,,,,
OSM-S-106,NC1=C2C(C=C(C3=CC(S(N)(=O)=O)=CC=C3)S2)=NC=N1,3,,0.088,,0.13,0.036,,,,
OSM-S-106,NC1=C2C(C=C(C3=CC(S(N)(=O)=O)=CC=C3)S2)=NC=N1,3,,,,,,,,,
OSM-S-410,FC(F)OC(C=C1)=CC=C1C2=NN=C3C(NC=C(C(NC4=CC=C(Cl)C=C4)=O)N32)=O,4,,,,5,,,,,
OSM-S-411,FC(F)OC(C=C1)=CC=C1C2=NN=C3C=NC=C(C(NC4=CC=[N+]([O-])C(C(F)(F)F)=C4)=O)N32,4,,,,2.07,,,,,
OSM-S-412,FC(F)OC(C=C1)=CC=C1C2=NN=C3C=NC=C(OCC(CO)C4=CC=C(O)C=C4)N32,4,,,,4.12,,,,,
OSM-S-391,IC(C=C1)=CC=C1C2=NN=C3C=NC=C(OCCC4=CC(F)=C(F)C=C4)N32,4,,,,0.35,,,,,
OSM-S-392,FC(F)OC(C=C1)=CC=C1C2=NN=C3C=NC=C(OCC(C4=CC(F)=C(F)C=C4)=O)N32,4,,,,0.832,,,,,
OSM-S-393,FC(F)OC(C=C1)=CC=C1C2=NN=C3C=NC=C(OCC(OC)(OC)C4=CC(F)=C(F)C=C4)N32,4,,,,0.157,,,,,
OSM-S-394,FS(F)(F)(F)(F)C(C=C1)=CC=C1C2=NN=C3C=NC=C(OCCC4=CC=CC=C4)N32,4,,,,0.48,,,,,
OSM-S-395,FC(F)OC(C=C1)=CC=C1C2=NN=C3C=NC=C(OCCC4(CC5C6)CC6C[C@@H](C5)C4)N32,4,,,,2.15,,,,,
OSM-S-396,FC(F)OC(C=C1)=CC=C1C2=NN=C3C=NC=C(OC(C)CC4=CC=CC=C4)N32,4,,,,0.45,,,,,
OSM-S-397,FC(F)OC(C=C1)=CC=C1C2=NN=C3C=NC=C(OCC45C[C@@H](C[C@@H](C5)C6)C[C@@H]6C4)N32,4,,,,4.8,,,,,
OSM-S-398,FC(F)OC(C=C1)=CC=C1C2=NN=C3C=NC=C(OCC4C[C@H]5C=C[C@@H]4C5)N32,4,,,,0.486,,,,,
OSM-S-399,CC1(C)[C@@H]2C[C@H]1C(CCOC3=CN=CC4=NN=C(C5=CC=C(OC(F)F)C=C5)N43)=CC2,4,,,,1.28,,,,,
OSM-S-400,FC(F)OC(C=C1)=CC=C1C2=NN=C3C=NC=C(OCC(C4=CC=CC=C4)=O)N32,4,,,,1.37,,,,,
OSM-S-401,ClC(C=C1)=CC(Cl)=C1C2=NN=C3C=NC=C(OCC45C[C@@H](C[C@@H](C5)C6)C[C@@H]6C4)N32,4,,,,8,,,,,
OSM-S-402,ClC(C=C1)=CC=C1C2=NN=C3C=NC=C(OCC45C[C@@H](C[C@@H](C5)C6)C[C@@H]6C4)N32,4,,,,2.53,,,,,
OSM-S-403,CC1(C)[C@@H]2C[C@H]1C(CCOC3=CN=CC4=NN=C(C5=C(Cl)C=C(Cl)C=C5)N43)=CC2,4,,,,8.24,,,,,
OSM-S-404,CC1(C)[C@@H]2C[C@H]1C(CCOC3=CN=CC4=NN=C(C5=CC=C(Cl)C=C5)N43)=CC2,4,,,,1.05,,,,,
OSM-S-405,ClC(C=C1)=CC(Cl)=C1C2=NN=C3C=NC=C(OCC4C[C@H]5C=C[C@@H]4C5)N32,4,,,,9.55,,,,,
OSM-S-406,ClC(C=C1)=CC=C1C2=NN=C3C=NC=C(OCC4C[C@H]5C=C[C@@H]4C5)N32,4,,,,0.62,,,,,
OSM-S-408,C12=NN=C(C3=CC=NC=C3)N1C(OCCC4=CC=CC=C4)=CN=C2,4,,,,10,,,,,
OSM-S-407,O=C(NC1=CC=NC=C1)C2=CN=CC3=NN=C(C4=CC=CC=C4)N32,4,,,,10,,,,,
OSM-S-415,FC(C=C1)=C(F)C=C1CCOC2=CN=CC3=NN=C(C4=CC=CC=C4)N32,4,,,,2.15,,,,,
OSM-S-409,FC(F)OC(C=C1)=CC=C1C2=NN=C3C=NC=C(OC/C(C4=CC=CC=C4)=N/O)N32,4,,,,10,,,,,
OSM-S-414,FC(C=C1)=C(F)C=C1[C@H](OC)COC2=CN=CC3=NN=C(C4=CC=C(C#N)C=C4)N32,4,,,,0.89,,,,,
OSM-S-413,FC(C=C1)=C(F)C=C1[C@@H](OC)COC2=CN=CC3=NN=C(C4=CC=C(C#N)C=C4)N32,4,,,,10,,,,,
OSM-S-416,FC(C=C1)=C(F)C=C1C(OC)COC2=CN=CC3=NN=C(C4=CC=C(C#N)C=C4)N32,4,,,,0.43,,,,,
OSM-S-417,C1(N2CCCCC2)=NC=CN3C1=NN=C3OCCC4=CC=CC=C4,4,,,,10,,,,,
OSM-S-418,FC(OC1=CC=C(C2=NN=C3C=NC=C(N32)OCC[C]4[CH]BBBBBBBBBB4)C=C1)F,4,,,,0.05,,,,,
OSM-S-419,FC(F)OC(C=C1)=CC=C1C2=NN=C3C=NC=C(OCC(N4CCOCC4)C5=CC=CC=C5)N32,4,,,,1.58,,,,,
OSM-S-421,FC(F)OC(C=C1)=CC=C1C2=NN=C3C=NC=C(OCCN4CC5(COC5)C4)N32,4,,,,10,,,,,
OSM-S-420,FC(F)OC(C=C1)=CC=C1C2=NN=C3C=NC=C(OCC4=CC=C(CO)C=C4)N32,4,,,,10,,,,,
OSM-S-422,FC(F)OC(C=C1)=CC=C1C2=NN=C3C=NC=C(OCCC4COC4)N32,4,,,,10,,,,,
OSM-S-423,FC(F)OC(C=C1)=CC=C1C2=NN=C3C=NC=C(OCC4(OCCO4)C5=CC(F)=C(F)C=C5)N32,4,,,,0.667,,,,,
OSM-S-424,FC(F)OC(C=C1)=CC=C1C2=NN=C3C=NC=C(OCC/C4=C/BBBBB[BH]5[BH]([H]5)BB4)N32.[Cs+],4,,,,1.9,,,,,
OSM-S-430,FC(F)OC(C=C1)=CC=C1C2=NN=C3C=NC=C(OCC(N(CC)CC)C4=CC(F)=C(F)C=C4)N32,4,,,,10,,,,,
OSM-S-431,FC(F)OC(C=C1)=CC=C1C2=NN=C3C=NC=C(OCC(N(CC)C)C4=CC(F)=C(F)C=C4)N32,4,,,,8.85,,,,,
OSM-S-494,FC1=CC(CCOC2=CN=CC3=NN=C(C4=CC=C(C(N)=O)C=C4)N32)=CC=C1F,4,,,,10,,,,,
OSM-S-495,FC1=CC(CCOC2=CN=CC3=NN=C(C4=CC(C(N)=O)=CC=C4)N32)=CC=C1F,4,,,,10,,,,,
OSM-S-496,FC1=CC(CCOC2=CN=CC3=NN=C(C4=CC=C(C(N(C)C)=O)C=C4)N32)=CC=C1F,4,,,,3.69,,,,,
OSM-S-432,BrC1=NN=C2C=NC=C(OCCC3=CC(F)=C(F)C=C3)N21,4,,,,10,,,,,
OSM-S-503,FC(C1=NC=C(OCCC2=CC=CC=C2)N3C1=NN=C3C4=CC=NC=C4)(F)F,4,,,,10,,,,,
OSM-S-504,FC(OC(C=C1)=CC=C1C2=NN=C3C(C(F)(F)F)=NC=C(OCCC4=CC=CC=C4)N32)F,4,,,,10,,,,,
OSM-S-505,OC1=NC=C(OCCC2=CC=CC=C2)N3C1=NN=C3C4=CC=C(OC(F)F)C=C4,4,,,,10,,,,,
OSM-S-510,FC1=CC(CCOC2=CN=CC3=NN=C(C4=CC=C(C(N5CCN(C)CC5)=O)C=C4)N32)=CC=C1F,4,,,,10,,,,,
OSM-S-506,FC1=CC(CCOC2=CN=CC3=NN=C(C4=CC=C(S(N)(=O)=O)C=C4)N32)=CC=C1F,4,,,,10,,,,,
OSM-S-507,FC1=CC(CCOC2=CN=CC3=NN=C(C4=CC=C(C(N5CCOCC5)=O)C=C4)N32)=CC=C1F,4,,,,10,,,,,
OSM-S-508,FC1=CC(CCOC2=CN=CC3=NN=C(C4=CC(C(N5CCN(C)CC5)=O)=CC=C4)N32)=CC=C1F,4,,,,10,,,,,
OSM-S-509,FC(F)OC(C=C1)=CC=C1C2=NN=C3C(N4CCOCC4)=NC=CN32,4,,,,10,,,,,
OSM-S-433,FC(F)OC(C=C1)=CC=C1C2=NN=C3C=NC=C(OCCC4C5C6C7C4C8CC5C6C8C7)N32,4,,,,1.08,,,,,
OSM-S-497,FC(F)OC(C=C1)=CC=C1C2=NN=C3C=NC=C(OCCN4CCNCC4)N32,4,,,,10,,,,,
OSM-S-498,FC(F)OC(C=C1)=CC=C1C2=NN=C3C=NC=C(OCCN4CCOCC4)N32,4,,,,10,,,,,
OSM-S-499,FC(F)OC(C=C1)=CC=C1C2=NN=C3C=NC=C(OCCN4CCCCC4)N32,4,,,,10,,,,,
OSM-S-500,FC(F)OC(C=C1)=CC=C1C2=NN=C3C=NC=C(OCCN4CCCC4)N32,4,,,,10,,,,,
OSM-S-501,FC(F)OC(C=C1)=CC=C1C2=NN=C3C=NC=C(OCCN4CCN(C(OC(C)(C)C)=O)CC4)N32,4,,,,10,,,,,
OSM-S-502,FC(F)OC(C=C1)=CC=C1C2=NN=C3C(N4C(C=CC=C5)=C5C(CCO)=C4)=NC=CN32,4,,,,8,,,,,
OSM-S-328,FC(F)OC(C=C1)=CC=C1C2=NN=C3C(O)=NC=CN32,4,,,,10,,,,,
OSM-S-442,FC(F)OC(C=C1)=CC=C1C2=NN=C3C=NC=C(OCCC4CC4)N32,4,,,,3.03,,,,,
OSM-S-511,FC(F)OC(C=C1)=CC=C1C(N23)=NN=C2C=NC=C3OCC(C[C@@H]4C5)[C@@H]5[C@H]6[C@@H]4O6,4,,,,9.8,,,,,
OSM-S-512,FC(F)OC(C=C1)=CC=C1C(N23)=NN=C2C=NC=C3OCC4[C@@H]5[C@@H]6[C@@H](O6)[C@@H](C5)C4,4,,,,11,,,,,
OSM-S-513,FC(F)OC1=CC=C(C2=NN=C3N2C(OCCC45C6C7C4C8C7(O)C6C85)=CN=C3)C=C1,4,,,,1,,,,,
OSM-S-514,FC(F)OC1=CC=C(C2=NN=C3N2C(OCCC45C6(O)C7C4C8C7C6C85)=CN=C3)C=C1,4,,,,3.3,,,,,
OSM-S-515,FC(F)OC(C=C1)=CC=C1C2=NN=C3C=NC=C(OCC(C(O)=O)C4=CC=CC=C4)N32,4,,,,3.88,,,,,
OSM-S-517,FC1=CC(CCOC2=CN=CC3=NN=C(N4CCOCC4)N32)=CC=C1F,4,,,,19,,,,,
OSM-S-522,FC1=CC(CCOC2=CN=CC3=NN=C(C4=CC=CC(C(N(C)C)=O)=C4)N32)=CC=C1F,4,,,,25,,,,,
OSM-S-523,FC(C=C1)=C(F)C=C1CCOC2=CN=CC3=NN=C(OCCC4=CC(F)=C(F)C=C4)N32,4,,,,25,,,,,
OSM-S-524,FC1=CC(CCOC2=CN=CC3=NN=C(C4=CC=C(N5CCOCC5)C=C4)N32)=CC=C1F,4,,,,17,,,,,
OSM-S-525,FC1=CC(CCOC2=CN=CC3=NN=C(C4=CC=C5C(NC=C5)=C4)N32)=CC=C1F,4,,,,"0.086, 0.127",,,,,
OSM-S-526,FC1=CC(CCOC2=CN=CC3=NN=C(C4=CC=C(N)C=C4)N32)=CC=C1F,4,,,,13,,,,,
OSM-S-527,FC1=CC(CCOC2=CN=CC3=NN=C(C4=CC=C(N5CCCCC5)C=C4)N32)=CC=C1F,4,,,,20,,,,,
OSM-S-528,FC1=CC(CCOC2=CN=CC3=NN=C(C4=CC=C(N5CCCC5)C=C4)N32)=CC=C1F,4,,,,22,,,,,
OSM-S-529,FC1=CC(CCOC2=CN=CC3=NN=C(C4=CC=C(NC(C)=O)C=C4)N32)=CC=C1F,4,,,,25,,,,,
OSM-S-530,FC1=CC(CCOC2=CN=CC3=NN=C(C4=CC=CC(NC(C)=O)=C4)N32)=CC=C1F,4,,,,25,,,,,
OSM-S-518,FC1=CC(CCOC2=CN=CC3=NN=C(N4CCC(F)(F)CC4)N32)=CC=C1F,4,,,,1.51,,,,,
OSM-S-519,FC1=CC(CCOC2=CN=CC3=NN=C(N4CCC(F)CC4)N32)=CC=C1F,4,,,,8.46,,,,,
OSM-S-520,FC1=CC(CCOC2=CN=CC3=NN=C(N4CCC(C(F)(F)F)CC4)N32)=CC=C1F,4,,,,2.75,,,,,
OSM-S-521,FC1=CC(CCOC2=CN=CC3=NN=C(N4CCN(C)CC4)N32)=CC=C1F,4,,,,25,,,,,
OSM-S-531,FC1=CC(CCOC2=CN=CC3=NN=C(C4=CC=C(N(C)C)C=C4)N32)=CC=C1F,4,,,,5.53,,,,,
OSM-S-541,FC(F)OC(C=C1)=CC=C1C2=NN=C3C=NC=C(OCC(CO)(O)C4=CC=CC=C4)N32,4,,,,,,,,,
OSM-S-532,FC(F)OC(C=C1)=CC=C1C2=NN=C3C=NC=C(OCC(CO)C4=CC=CC(OCC5=CC=CC=C5)=C4)N32,4,,,,0.059,,,,,
OSM-S-533,FC(F)OC(C=C1)=CC=C1C2=NN=C3C=NC=C(OCC(CO)C4=CC=CC(O)=C4)N32,4,,,,0.382,,,,,
OSM-S-535,FC(F)OC(C=C1)=CC=C1C2=NN=C3C=NC=C(OC[C@H](NC(OC(C)(C)C)=O)CC4=CC=CC=C4)N32,4,,,,8.6,,,,,
OSM-S-536,FC(F)OC(C=C1)=CC=C1C2=NN=C3C=NC=C(OC[C@H](N)CC4=CC=CC=C4)N32,4,,,,17,,,,,
OSM-S-537,FC(F)OC(C=C1)=CC=C1C2=NN=C3C=NC=C(OC[C@@H](NC(OC(C)(C)C)=O)CC4=CC=CC=C4)N32,4,,,,10,,,,,
OSM-S-538,FC(F)OC(C=C1)=CC=C1C2=NN=C3C=NC=C(OC[C@@H](N)CC4=CC=CC=C4)N32,4,,,,2.3,,,,,
OSM-S-542,FC1=CC(CCOC2=CN=CC3=NN=C(N4C=CC=N4)N32)=CC=C1F,4,,,,25,,,,,
OSM-S-543,FC(C(F)=C1)=CC=C1CCOC2=NC=CN3C2=NN=C3N4N=CC=C4,4,,,,19,,,,,
OSM-S-544,FC(C=C1)=C(F)C=C1CCOC2=CN=CC3=NN=C(OC4=CC=C(Cl)C=C4)N32,4,,,,25,,,,,
OSM-S-545,FC1=CC(CCOC2=CN=CC3=NN=C(C4=CC(N(C)C)=CC=C4)N32)=CC=C1F,4,,,,7,,,,,
OSM-S-546,FC1=CC(CCOC2=CN=CC3=NN=C(C4=CC=C5C(NN=C5)=C4)N32)=CC=C1F,4,,,,0.434,,,,,
OSM-S-547,FC1=CC(CCOC2=CN=CC3=NN=C(C4=C5C(NC=C5)=CC=C4)N23)=CC=C1F,4,,,,4.9,,,,,
OSM-S-548,FC1=CC(CCOC2=CN=CC3=NN=C(C4=CC=C(Cl)C(N)=C4)N32)=CC=C1F,4,,,,0.045,,,,,
OSM-S-549,FC1=CC(CCOC2=CN=CC3=NN=C(C4=CC=CC(N)=C4)N32)=CC=C1F,4,,,,2.8,,,,,
OSM-S-550,FC1=CC(CCOC2=CN=CC3=NN=C(C4=CC=C(CC)C=C4)N23)=CC=C1F,4,,,,0.144,,,,,
OSM-S-551,FC1=CC(CCOC2=CN=CC3=NN=C(C4=CC=C(C(O)=O)C=C4)N32)=CC=C1F,4,,,,25,,,,,
OSM-S-552,FC1=CC(CCOC2=CN=CC3=NN=C(C4=CC=CC(C(O)=O)=C4)N32)=CC=C1F,4,,,,25,,,,,
OSM-S-553,FC1=CC(CCOC2=CN=CC3=NN=C(C4=CC=C([N+]([O-])=O)C=C4)N32)=CC=C1F,4,,,,0.98,,,,,
OSM-S-557,OCC(COC1=CN=CC2=NN=C(C3=CC=C4C(NC=C4)=C3)N21)C5=CC=CC=C5,4,,,,0.069,,,,,
OSM-S-486,FC(F)OC(C=C1)=CC=C1C2=NN=C3C=NC=C(OCC(CO)C4=CC=C(C(F)(F)F)C=C4)N32,4,,,,1.15,,,,,
OSM-S-554,OC(C1=CC=CC=C1)COC2=CN=CC3=NN=C(C4CNCCC4)N32,4,,,,25,,,,,
OSM-S-555,FC1=C(F)C=CC(CCOC2=CN=CC3=NN=C(C4CNCCC4)N32)=C1,4,,,,25,,,,,
OSM-S-556,FC(F)OC(C=C1)=CC=C1C2=NN=C3C=NC=C(OCC(CO)(O)C4=CC=CC=C4)N32,4,,,,"0.659, 0.146, 0.605",,,,,
OSM-S-558,FC(F)OC(C=C1)=CC=C1C2=NN=C3C=NC=C(OCC4(COC(C)(C)O4)C5=CC=C(N(C)C)C=C5)N32,4,,,,25,,,,,
OSM-S-559,FC(F)OC(C=C1)=CC=C1C2=NN=C3C=NC=C(OCC4(COC(C)(C)O4)C5=CC=C(F)C(F)=C5)N32,4,,,,0.149,,,,,
OSM-S-560,FC(F)OC(C=C1)=CC=C1C2=NN=C3C=NC=C(OCC(CO)(O)C4=CC=C(F)C(F)=C4)N32,4,,,,"0.267, 0.842",,,,,
OSM-S-561,FC(F)OC(C=C1)=CC=C1C2=NN=C3C(OCC(C)=O)=NC=CN32,4,,,,25,,,,,
OSM-S-562,FC(F)OC(C=C1)=CC=C1C2=NN=C3C=NC=C(OCC4(COC(C)(C)O4)C5=CC=CC=C5)N32,4,,,,0.337,,,,,
OSM-S-563,FC(F)OC(C=C1)=CC=C1C2=NN=C3C(NCC4=CC=CC=C4)=NC=CN32,4,,,,20,,,,,
OSM-S-565,FC(F)OC(C=C1)=CC=C1C2=NN=C3C=NC=C(OCC(CO)C4=CC=CC=C4OCC5=CC=CC=C5)N32,4,,,,25,,,,,
OSM-S-566,FC(F)OC(C=C1)=CC=C1C2=NN=C3C=NC=C(OCCC4=CC=C(OCC5=CC=CC=C5)C=C4)N32,4,,,,3.849,,,,,
OSM-S-567,FC(F)OC(C=C1)=CC=C1C2=NN=C3C=NC=C(OCCC4=CC=CC(OCC5=CC=CC=C5)=C4)N32,4,,,,0.147,,,,,
OSM-S-568,FC(F)OC(C=C1)=CC=C1C2=NN=C3C=NC=C(OCC(CO)(O)C4=CC=C(N(C)C)C=C4)N32,4,,,,25,,,,,
OSM-S-569,FC(F)OC(C=C1)=CC=C1C2=NN=C3C(NCCC4=CC=CC=C4)=NC=CN32,4,,,,25,,,,,
OSM-S-581,FC1=CC(CCOC2=CN=CC3=NN=C(N4C=CN=C4)N32)=CC=C1F,4,,,,25,,,,,
OSM-S-582,FC1=CC(CCOC2=CN=CC3=NN=C(C4=CC5=C(C=C4)C=CN5C)N32)=CC=C1F,4,,,,0.375,,,,,
OSM-S-583,FC1=CC(CCOC2=CN=CC3=NN=C(C4=CC5=C(C=C4)CC(N5)=O)N32)=CC=C1F,4,,,,25,,,,,
OSM-S-584,FC1=CC(CCOC2=CN=CC3=NN=C(C4=CC5=C(C=C4)CCN5)N32)=CC=C1F,4,,,,1.01,,,,,
OSM-S-585,FC1=CC(CCOC2=CN=CC3=NN=C(C4=CC=C(F)C(N)=C4)N32)=CC=C1F,4,,,,0.813,,,,,
OSM-S-570,FC(F)OC(C=C1)=CC=C1C2=NN=C3C(SCC4=CC=CC=C4)=NC=CN32,4,,,,5.62,,,,,
OSM-S-571,FC(F)OC(C=C1)=CC=C1C2=NN=C3C=NC=C(SCCC4=CC=CC=C4)N32,4,,,,1.05,,,,,
OSM-S-572,CC(OC(N(CC1)CCC1C2=NN=C3C=NC=C(OCCC4=CC=CC=C4)N32)=O)(C)C,4,,,,14.5,,,,,
OSM-S-573,C12=NN=C(C3CCOCC3)N1C(OCCC4=CC=CC=C4)=CN=C2,4,,,,25,,,,,
OSM-S-574,CC(OC(N(CC1)CC1C2=NN=C3C=NC=C(OCCC4=CC=CC=C4)N32)=O)(C)C,4,,,,25,,,,,
OSM-S-575,C12=NN=C(C3COCC3)N1C(OCCC4=CC=CC=C4)=CN=C2,4,,,,25,,,,,
OSM-S-576,C12=NN=C(C3CCNCC3)N1C(OCCC4=CC=CC=C4)=CN=C2,4,,,,25,,,,,
OSM-S-577,C12=NN=C(C3CNCC3)N1C(OCCC4=CC=CC=C4)=CN=C2,4,,,,25,,,,,
OSM-S-564,FC(OC1=CC=C(C2=NN=C3C=NC=C(N32)OCC[C]4BB[CH]BBBBBBBB4)C=C1)F,4,,,,0.117,,,,,
OSM-S-578,FC(F)OC(C=C1)=CC=C1C2=NN=C3C=NC=C(OCCCC4=CC=CC=C4)N32,4,,,,1.32,,,,,
OSM-S-579,FC(F)OC(C=C1)=CC=C1C2=NN=C3C=NC=C(OC4=CC=CC=C4)N32,4,,,,25,,,,,
OSM-S-580,FC(F)OC(C=C1)=CC=C1C2=NN=C3C=NC=C(OCCOC4=CC=CC=C4)N32,4,,,,1.21,,,,,
OSM-S-634,FC(F)OC(C=C1)=CC=C1C2=NN=C3C=NC(NCCC4=CC=CC=C4)=CN32,4,,,,,,,,,
OSM-S-591,FC(F)OC(C=C1)=CC=C1C2=NN=C3C=NC=C(NCCC4=CC=C(OC)C(OC)=C4)N32,4,,,,25,,,,,
OSM-S-589,FC(F)OC(C=C1)=CC=C1C2=NN=C3C=NC=C(NC[C@@H](O)C4=CC=CC=C4)N32,4,,,,25,,,,,
OSM-S-588,FC(F)OC(C=C1)=CC=C1C2=NN=C3C=NC=C(NC[C@H](O)C4=CC=CC=C4)N32,4,,,,25,,,,,
OSM-S-638,FC(OC1=CC=C(C2=NN=C3C=NC=C(NCC4=CC=CC=C4)N32)C=C1)F,4,,,,25,,,,,
OSM-S-631,COC(C=C1)=CC=C1C2=NN=C(N2)C3=NC=CN3CCC4=CC=CC=C4,4,,,,25,,,,,
OSM-S-637,NC(C=C1)=CC=C1C(CO)COC2=CN=CC(N23)=NN=C3C4=CC=C(OC(F)F)C=C4,4,,,,17.04,,,,,
OSM-S-539,FC(F)OC(C=C1)=CC=C1C2=NN=C3C=NC=C(OCC(CO)C4=CC=C(NC)C=C4)N32,4,,,,11.52,,,,,
OSM-S-608,FC(F)OC(C=C1)=CC=C1C2=NN=C3C=NC=C(OCCC4=CC=CS4)N32,4,,,,0.282,,,,,
OSM-S-607,FC(F)OC(C=C1)=CC=C1C2=NN=C3C=NC=C(OCC(C)C4=CC=CC=C4)N32,4,,,,0.627,,,,,
OSM-S-635,FC(C=C1)=C(F)C=C1CCOC2=CN=CC3=NN=C(OCC4=CN=CC=C4)N32,4,,,,25,,,,,
OSM-S-586,FC1=CC(CCOC2=CN=CC3=NN=C(C4=CC5=C(C=C4)N=CN5)N32)=CC=C1F,4,,,,25,,,,,
OSM-S-636,FC1=CC(CCOC2=CN=CC3=NN=C(C4=CC5=C(C=C4)N=CN5)N32)=CC=C1F,4,,,,25,,,,,
OSM-S-623,COC(C=C1)=CC=C1C2=NN=C3C=NC=C(OCCC4=CC=CC=C4)N32,4,,,,1.827,,,,,
OSM-S-624,O=[N+](C(C=C1)=CC=C1C2=NN=C3C=NC=C(OCCC4=CC=CC=C4)N32)[O-],4,,,,1.693,,,,,
OSM-S-626,COC(C=C1)=CC=C1C2=NN=C3C=NC=C(SCCC4=CC=CC=C4)N32,4,,,,25,,,,,
OSM-S-609,FC(F)OC(C=C1)=CC=C1C2=NN=C3C=NC=C(OCC(CO)(CO)C4=CC=CC=C4)N32,4,,,,6.132,,,,,
OSM-S-621,C1(OCCC2=CC=CC=C2)=NC=CN3C1=NN=C3C4=CC=CC=C4,4,,,,8.73,,,,,
OSM-S-622,COC(C=C1)=CC=C1C2=NN=C3C(OCCC4=CC=CC=C4)=NC=CN32,4,,,,25,,,,,
OSM-S-625,O=[N+](C(C=C1)=CC=C1C2=NN=C3C(OCCC4=CC=CC=C4)=NC=CN32)[O-],4,,,,25,,,,,
OSM-S-627,COC(C=C1)=CC=C1C2=NN=C3C(SCCC4=CC=CC=C4)=NC=CN32,4,,,,25,,,,,
OSM-S-628,C1(SCCC2=CC=CC=C2)=NC=CN3C1=NN=C3C4=CC=CC=C4,4,,,,3.082,,,,,
OSM-S-629,O=[N+](C(C=C1)=CC=C1C2=NN=C3C(SCCC4=CC=CC=C4)=NC=CN32)[O-],4,,,,25,,,,,
OSM-S-630,C1(NCCC2=CC=CC=C2)=NC=CN3C1=NN=C3C4=CC=CC=C4,4,,,,25,,,,,
OSM-S-632,COC(C=C1)=CC=C1C2=NN=C3C(NCCC4=CC=CC=C4)=NC=CN32,4,,,,25,,,,,
OSM-S-633,O=[N+](C(C=C1)=CC=C1C2=NN=C3C(NCCC4=CC=CC=C4)=NC=CN32)[O-],4,,,,25,,,,,
OSM-S-639,FC(F)OC(C=C1)=CC=C1C2=NN=C3C=NC=C(OCC(COC4=CN=CC5=NN=C(C6=CC=C(OC(F)F)C=C6)N54)(CO)C7=CC=CC=C7)N32,4,,,,25,,,,,
OSM-S-606,NC1=C2C(C(C3=CC=CC(S(=O)(N)=O)=C3)=CN2)=NC=N1,3,,,,25,,,,,
OSM-S-137,FC(C=C1)=CC=C1CN(CC2)CCN2C3=C4C(C=C(C5=CC=CC(S(N)(=O)=O)=C5)S4)=NC=N3,3,,,,6.875,1.7,,,,
OSM-S-145,NS(C1=CC=CC(C2=CC3=NC=NC(N(C)C)=C3S2)=C1)(=O)=O,3,,,,25,,,,,
OSM-S-649,NC1=C2C(C=C(C3=CC=CC(C(O)=O)=C3)S2)=NC=N1,3,,,,25,,,,,
OSM-S-641,O=C(CSC1=C2C(C=C(C3=CC=CC(OC)=C3)S2)=NC=N1)O,3,,,,25 ,,,,,
OSM-S-642,CC(C(N=C1)=CC=C1C2=CC3=NC=NC(SCC(O)=O)=C3S2)=O,3,,,,25,,,,,
OSM-S-643,O=C(CSC1=C2C(SC(C3=CC=CC(SC)=C3)=C2)=NC=N1)O,3,,,,25,,,,,
OSM-S-644,O=C(CSC1=C2C(C=C(C3=CC=CC(OC(F)(F)F)=C3)S2)=NC=N1)O,3,,,,25,,,,,
OSM-S-645,O=C(C)NC1=CC(C2=CC3=NC=NC(SCC(O)=O)=C3S2)=CC=C1,3,,,,18.45,,,,,
OSM-S-646,O=C(CSC1=C2C(C=C(C3=CC=CS3)S2)=NC=N1)O,3,,,,25,,,,,
OSM-S-647,O=C(CSC1=C2C(C=C(C3=CC=CC(N4CCOCC4)=C3)S2)=NC=N1)O,3,,,,25,,,,,
OSM-S-648,CS(C1=CC(C2=CC3=NC=NC(SCC(O)=O)=C3S2)=CC=C1)(=O)=O,3,,,,25,,,,,
OSM-LO-2,FC(F)OC(C=C1)=CC=C1C2=NN=C3C=NC=C(OCC(CO)C4=C(F)C=CC=C4)N32,4,,,,0.159,,,,,
OSM-LO-3,FC(F)OC(C=C1)=CC=C1C2=NN=C3C(OCC(CO)C4=CC=CC(F)=C4)=NC=CN32,4,,,,,,,,,
OSM-LO-4,FC(F)OC(C=C1)=CC=C1C2=NN=C3C=NC=C(OCC(CO)C4=C(OC)C=CC=C4)N32,4,,,,0.304,,,,,
OSM-LO-5,FC(F)OC(C=C1)=CC=C1C2=NN=C3C=NC=C(OCC(CO)C4=CC(OC)=CC=C4)N32,4,,,,0.124,,,,,
OSM-LO-6,FC(F)OC(C=C1)=CC=C1C2=NN=C3C=NC=C(OCC(CO)C4=CC(C(F)(F)F)=CC=C4)N32,4,,,,0.094,,,,,
OSM-LO-7,FC(F)OC(C=C1)=CC=C1C2=NN=C3C=NC=C(OCC(CO)C4=C(F)C=C(F)C=C4F)N32,4,,,,0.89,,,,,
OSM-LO-8,FC(F)OC(C=C1)=CC=C1C2=NN=C3C=NC=C(OCC(CO)C4=C(F)C=C(F)C(F)=C4)N32,4,,,,0.19,,,,,
OSM-LO-9,FC(F)OC(C=C1)=CC=C1C2=NN=C3C(OCC(CO)C4=CC(F)=C(F)C=C4F)=NC=CN32,4,,,,9.69,,,,,
OSM-LO-10,FC(F)OC(C=C1)=CC=C1C2=NN=C3C=NC=C(OCC(CO)C4=CC=C(OC)C=C4)N32,4,,,,0.722,,,,,
OSM-LO-11,FC(F)OC(C=C1)=CC=C1C2=NN=C3C=NC=C(OCC(C(O)=O)C4=C(F)C=C(F)C=C4F)N32,4,,,,25,,,,,
OSM-LO-12,FC(F)OC(C=C1)=CC=C1C2=NN=C3C=NC=C(OCC(C(O)=O)C4=CC=C(OC)C=C4)N32,4,,,,9.94,,,,,
OSM-S-690,FC(F)C1(C2)CC2(COC3=CN=CC4=NN=C(C5=CC=C(OC(F)F)C=C5)N43)C1,4,,,,2.63,,,,,
OSM-LO-14,FC(F)OC(C=C1)=CC=C1C2=NN=C3C(OCC(CO)C4=CC=CC=C4)=NC=CN32,4,,,,9.538,,,,,
OSM-LO-1,FC(F)OC(C=C1)=CC=C1C2=NN=C3C=NC=C(OCCC4567[BH]89%10[BH]%11%124[BH]8%13%14[BH]%11%15%16[CH]%13%17%18[BH]%149%19[BH]%105%20[BH]%21%226[BH]%17%15([BH]%22%12%167)[BH]%18%19%20%21)N32,4,,,,2,,,,,
OSM-S-123,NC1=C2C(C=C(C3=CC=CC=C3)S2)=NC=N1,3,,,,,40,,,,
OSM-S-666,CC1=CC=C(C2=NN=C3C=NC=C(OCCC4=CC=CC=C4)N32)C=C1,4,,,,1.06,,,,,
OSM-S-670,COC1=C(C2=NN=C3C=NC=C(OCCC4=CC=CC=C4)N32)C=CC=C1,4,,,,4.57,,,,,
OSM-S-668,C1(CCOC2=CN=CC(N23)=NN=C3C4=CC5=C(OCC5)C=C4)=CC=CC=C1,4,,,,4.23,,,,,
OSM-S-669,C1(CCOC2=NC=CN3C2=NN=C3C4=CC5=C(OCC5)C=C4)=CC=CC=C1,4,,,,25,,,,,
OSM-S-672,CCOC1=C(C2=NN=C3C=NC=C(OCCC4=CC=CC=C4)N32)C=CC=C1,4,,,,16.17,,,,,
OSM-S-673,CCOC1=C(C2=NN=C3C(OCCC4=CC=CC=C4)=NC=CN32)C=CC=C1,4,,,,7.81,,,,,
OSM-S-675,COC1=C(OC)C=C(C2=NN=C3C=NC=C(OCCC4=CC=CC=C4)N32)C=C1OC,4,,,,25,,,,,
OSM-S-676,COC1=C(OC)C=C(C2=NN=C3C(OCCC4=CC=CC=C4)=NC=CN32)C=C1OC,4,,,,17.02,,,,,
OSM-S-651,FC(F)OC(C=C1)=CC=C1C2=NN=C3C=NC=C(OCC4(COC(C)(C)OC4)C5=CC=CC=C5)N32,4,,,,0.367,,,,,
OSM-S-662,FC1=C(F)C=C(CCOC2=CN=CC(N23)=NN=C3C4=C5C(OCO5)=CC=C4)C=C1,4,,,,1.71,,,,,
OSM-S-693,C1(C=NC=C(OCCC2=CC=CC=C2)N13)=NN=C3C4=C5C(OCO5)=CC=C4,4,,,,14.25,,,,,
OSM-S-687,COC1=C(C2=NN=C3C=NC=C(OCCC4=CC=CC=C4)N32)C(OC)=CC=C1,4,,,,25,,,,,
OSM-S-694,COC1=C(C2=NN=C3C(O)=NC=CN32)C(OC)=CC=C1,4,,,,25,,,,,
OSM-S-689,COC1=C(C2=NN=C3C=NC=C(OCCC4=CC=CC=C4)N32)C(OC)=CC(OC)=C1,4,,,,25,,,,,
OSM-S-678,O=[N+](C(C=CC=C1)=C1C2=NN=C3C=NC=C(OCCC4=CC=CC=C4)N32)[O-],4,,,,25,,,,,
OSM-S-683,CC(C)(C)C1=CC=C(C2=NN=C3C=NC=C(OCCC4=CC=CC=C4)N32)C=C1,4,,,,10.13,,,,,
OSM-S-685,CC(C)(C)C1=CC(C2=NN=C3C=NC=C(OCCC4=CC=CC=C4)N32)=CC(C(C)(C)C)=C1,4,,,,1.25,,,,,
OSM-S-691,C1(OCCC2=CC=CC=C2)=NC=CN3C1=NN=C3C4=C(C=CC=C5)C5=CC6=C4C=CC=C6,4,,,,9.94,,,,,
OSM-S-680,C12=NN=C(C3=C4C=CC=CC4=CC5=C3C=CC=C5)N1C(OCCC6=CC=CC=C6)=CN=C2,4,,,,14.55,,,,,
OSM-S-692,COC1=C(C2=NN=C3C(O)=NC=CN32)C(OC)=CC(OC)=C1,4,,,,25,,,,,
OSM-LO-15,FC(F)OC(C=C1)=CC=C1C2=NN=C3C=NC=C(OCCC45CC(C5)C4)N32,4,,,,1.34,,,,,
OSM-LO-16,CC(C)(C)OC(C=C1)=CC=C1C2=NN=C3C=NC=C(OCC(O)C4=CC(F)=C(F)C=C4)N32,4,,,,0.46,,,,,
OSM-LO-17,CC(C=C1)=NC=C1COC2=CN=CC3=NN=C(C4=CC=C(C(C)C)C=C4)N32,4,,,,25,,,,,
OSM-LO-18,ClC(C=C1)=CC=C1C2=NN=C3C=NC=C(OCCC4=CC(CN)=CC=C4)N32,4,,,,10.94,,,,,
OSM-LO-19,CC(O)COC1=CN=CC2=NN=C(C3=CC=C(OC(F)F)C=C3)N21,4,,,,25,,,,,
OSM-LO-20,FC(F)OC(C=C1)=CC=C1C2=NN=C3C=NC=C(OCCCCCO)N32,4,,,,13.76,,,,,
OSM-LO-21,OC1=C(O)C=C(C2=C1)CCNC32CC4=C(CC3)C=CC=C4.Cl,5,,,,,,,,,
OSM-LO-22,OC1=C(C=C2[C@]3(NCCC2=C1)CCC4=C(C3)C=CC=C4)O.Cl,5,,,,,,,,,
OSM-LO-23,OC1=C(C=C2[C@]3(NCCC2=C1)CCC4=C(C3)C=C(OC)C=C4)O.Cl,5,,,,,,,,,
OSM-LO-24,OC1=C(C=C2C3(NCCC2=C1)CC4=C(C3)C=CC=C4)O.Cl,5,,,,,,,,,
OSM-LO-25,OC1=C(C=C2C3(NCCC2=C1)CCCCC3)F.Cl,5,,,,,,,,,
OSM-LO-26,OC1=C(C=C2C(C)(CCC3=CC=CC=C3)NCCC2=C1)O.Cl,5,,,,,,,,,
OSM-LO-27,O=C(O)C(F)(F)F.OC1=C(O)C=C([C@@]2(C[C@@H]3C(C[C@H]2C3)=O)NCC4)C4=C1,5,,,,,,,,,
OSM-LO-28,OC1=C(O)C=C(C(CCC2=O)N2CC3)C3=C1,5,,,,,,,,,
OSM-LO-29,OC1=C(O)C=C(C(CCCC2=O)N2CC3)C3=C1,5,,,,,,,,,
OSM-LO-30,OC1=C(O)C=C([C@H](CCCC2=O)N2CC3)C3=C1,5,,,,,,,,,
OSM-LO-31,O[C@@H]1C2=CC(O)=C(O)C=C2[C@@H](C3=CC=CC=C3Br)N[C@H]1C.Cl,5,,,,,,,,,
OSM-LO-32,OC1=CC=C(C(CCC2=O)N2CC3)C3=C1,5,,,,,,,,,
OSM-LO-33,OC1=CC=C2C3(NCCC2=C1)CCCCC3.Cl,5,,,,,,,,,
OSM-LO-51,OC1=CC=C(C2(CCCCC2)NCC3)C3=C1,5,,,,,,,,,
OSM-LO-34,OC1=C(C=C2C3(NCCC2=C1)CCC3)O.Cl,5,,,,,,,,,
OSM-LO-35,OC1=C(C=C2C3(NCCC2=C1)CCCC3)O.Cl,5,,,,,,,,,
OSM-LO-36,OC1=C(O)C=C2CCN[C@H](C2=C1)CC3=CC=CC=C3.Cl,5,,,,,,,,,
OSM-LO-37,O=C(O)C(F)(F)F.OC1=CC=C(C[C@H]2C3=CC(O)=C(O)C=C3CCN2)C=C1,5,,,,,,,,,
OSM-LO-38,OC1=CC(C[C@H]2C3=CC=C(O)C=C3CCN2)=CC=C1.Cl,5,,,,,,,,,
OSM-LO-39,O=C(O)C(F)(F)F.FC1=CC(C[C@H]2C3=CC=C(O)C=C3CCN2)=CC=C1O,5,,,,,,,,,
OSM-LO-40,O=C(O)C(F)(F)F.OC1=CC=C2C(CCN[C@H]2CC3=CC=CC=C3Br)=C1,5,,,,,,,,,
OSM-LO-41,O=C(O)C(F)(F)F.OC(C1=CC(O)=C(O)C=C21)CN[C@H]2CC3=CC=CC=C3,5,,,,,,,,,
OSM-LO-42,O=C(O)C(F)(F)F.OC(C=C1CCN2)=CC=C1[C@@H]2C3=CC=CC=C3,5,,,,,,,,,
OSM-LO-43,O=C(O)C(F)(F)F.OC1=C(O)C=C2CCN[C@H](C2=C1)C3=CC=CC=C3,5,,,,,,,,,
OSM-LO-44,O=CC(F)(F)F.COC(C(OC)=C1)=CC=C1[C@@]([H])(C)[C@H]2C3=CC(O)=C(O)C=C3CCN2,5,,,,,,,,,
OSM-LO-45,O=CC(F)(F)F.COC(C(OC)=C1)=CC=C1[C@@]([H])(C)[C@H]2C3=CC(O)=C(O)C=C3CCN2,5,,,,,,,,,
OSM-LO-46,O=C(O)C(F)(F)F.C[C@@H]([C@H]1C2=CC(O)=C(O)C=C2CCN1)CC,5,,,,,,,,,
OSM-LO-47,O=C(O)C(F)(F)F.COC(C(OC)=C1)=CC=C1[C@@]([H])(C)[C@H]2C3=CC(O)=C(O)C=C3CCN2,5,,,,,,,,,
OSM-LO-48,ClC(C=C1)=CC=C1C2=NN=C3C=NC=C(OCCC4=CC(N)=CC=C4)N32,4,,,,,,,,,
OSM-LO-49,FC(F)OC(C=C1)=CC=C1C2=NN=C3C=NC=C(OCCC4=CC=CO4)N32,4,,,,,,,,,
OSM-LO-50,OC1=CC=C(C(C2=CC=CC=C2)NCC3)C3=C1,5,,,,,,,,,
OSM-S-272,FC1=C(F)C=CC(CCOC2=CN=CC3=NN=C(C4=CC=C(Cl)C=C4)N32)=C1,4,0.038,,,0.143,,,,,0.0493
OSM-S-293,ClC(C=C1)=CC=C1C2=NN=C3N2C(OCCC4=CC=CC=C4)=CN=C3,4,,,0.0574,"0.166, 0.136",,,,,
OSM-X-054,FC(F)OC(C=C1)=CC=C1C2=NN=C3C=[N+]([O-])C=C(OCCC4=CC(F)=C(F)C=C4)N32,4,4.01,,,,,,,,
OSM-X-007,FC(F)OC(C=C1)=CC=C1C2=NN=C3C(Cl)=NC=C(OCCC4=CC(F)=C(F)C=C4)N32,4,0.16,,,,,,,,
OSM-X-084,FC(F)OC(C=C1)=CC=C1C2=NN=C3C=NC=C(CCO)N32,4,10,,,,,,,,
OSM-X-064,FC(F)OC(C=C1)=CC=C1C2=NN=C3CNCC(CCO)N32,4,8.37,,,,,,,,
OSM-X-019,FC(F)OC(C=C1)=CC=C1C2=NN=C3C=NC=C(OC4CN(C5=CC(F)=C(F)C=C5)C4)N32,4,0.43,,,,,,,,
OSM-X-045,FC(F)OC(C=C1)=CC=C1C2=NN=C3C=NC=C(N4CCC(C5=CC=CC=C5)C4)N32,4,2,,,,,,,,
OSM-S-176,FC(F)OC(C=C1)=CC=C1C2=NN=C3C=NC=C(C(NCC4=CC(Cl)=CC=C4)=O)N32,4,0.25,,,,,,,,
OSM-X-091,FC(C=C1)=C(F)C=C1CCOC2=CN=CC3=NN=C(C4CCOCC4)N32,4,10,,,,,,,,
OSM-X-079,FC(F)OC(C=C1)=CC=C1C2=NN=C3CNCCN32,4,10,,,,,,,,
OSM-X-090,FC(C=C1)=C(F)C=C1CCOC2=CN=CC3=NN=C(C4CCN(C(C)=O)CC4)N32,4,10,,,,,,,,
OSM-X-077,FC(F)OC(C=C1)=CC=C1C2=NN=C3CN(C(CN)=O)CCN32,4,10,,,,,,,,
OSM-S-177,O=C(N1CC(C=CC=C2)=C2C1)C3=CN=CC4=NN=C(C5=CC=C(OC(F)F)C=C5)N43,4,10,,,10,,,,,
OSM-S-178,FC(F)OC(C=C1)=CC=C1C2=NN=C3C=NC=C(C(NCC4=CC=C(Cl)C=C4)=O)N32,4,1.34,,,,,,,,
OSM-X-017,FC(F)OC(C=C1)=CC=C1C2=NN=C3C=NC=C(C(NCC4=C(Cl)C=CC=C4)=O)N32,4,0.38,,,,,,,,
OSM-S-179,FC(F)OC(C=C1)=CC=C1C2=NN=C3C=NC=C(C(NCC4CCOCC4)=O)N32,4,10,,,,,,,,
OSM-X-035,FC1=CC(NC2=NN=C3C=NC=C(OCCC4=CC(F)=C(F)C=C4)N32)=CC=C1F,4,0.85,,,,,,,,
OSM-X-056,FC(F)OC(C=C1)=CC=C1C2=NN=C3C=NC=C(N4CC(OC5=CC(F)=C(F)C=C5)C4)N32,4,4.96,,,,,,,,
OSM-X-049,FC(C=C1)=C(F)C=C1CCOC2=CN=CC3=NN=C(N4CCCCC4)N32,4,2.63,,,,,,,,
OSM-S-180,FC(F)OC(C=C1)=CC=C1C2=NN=C3C=NC=C(C(N4CCN(C5=NC=CC=C5)CC4)=O)N32,4,10,,,,,,,,
OSM-S-181,FC(F)OC(C=C1)=CC=C1C2=NN=C3C=NC=C(C(NCCN4CCOCC4)=O)N32,4,10,,,,,,,,
OSM-S-185,FC(F)OC(C=C1)=CC=C1C2=NN=C3C=NC=C(C(N4CCOCC4)=O)N32,4,10,,,,,,,,
OSM-X-094,O=C(N[C@@H](C)C1=CC=CC=C1)C2=CN=CC3=NN=C(C4=CC=C(OC(F)F)C=C4)N23,4,1.6,,,,,,,,
OSM-S-182,FC(F)OC(C=C1)=CC=C1C2=NN=C3C=NC=C(C(N4CCCC4)=O)N32,4,10,,,,,,,,
OSM-S-184,FC(F)OC(C=C1)=CC=C1C2=NN=C3C=NC=C(C(N4CCN(S(C)(=O)=O)CC4)=O)N32,4,10,,,,,,,,
OSM-S-186,FC(F)OC(C=C1)=CC=C1C2=NN=C3C=NC=C(C(N[C@H](C)C4=CC=CC=C4)=O)N32,4,1.36,,,,,,,,
OSM-X-055,FC(F)OC(C=C1)=CC=C1C2=NN=C3C(NC=C(OCCC4=CC(F)=C(F)C=C4)N32)=O,4,4.13,,,,,,,,
OSM-X-082,FC(F)OC(C=C1)=CC=C1C2=NN=C3C=NC=C(C(NC4=CC=CC=N4)=O)N32,4,10,,,,,,,,
OSM-X-051,FC(F)OC(C=C1)=CC=C1C2=NN=C3C=NC=C(C(NCCC4=CC=CC=C4)=O)N32,4,3.17,,,,,,,,
OSM-X-021,FC(C=C1)=C(F)C=C1CCOC2=CN=CC3=NN=C(N4CC(C=CC=C5)=C5C4)N32,4,0.47,,,,,,,,
OSM-X-062,FC(F)OC(C=C1)=CC=C1C2=NN=C3C(N(CC)CC)=NC=C(OCCC4=CC(F)=C(F)C=C4)N32,4,6.86,,,,,,,,
OSM-X-092,FC(F)OC(C=C1)=CC=C1C2=NN=C3C=NC=C(NS(CC4=CC=C(C(F)(F)F)C=C4)(=O)=O)N32,4,10,,,,,,,,
OSM-S-183,FC(F)OC(C=C1)=CC=C1C2=NN=C3C=NC=C(C(N4CCCC4C5=CC=CC=C5)=O)N32,4,3.56,,,,,,,,
OSM-X-036,FC(F)OC(C=C1)=CC=C1C2=NN=C3C=NC=C(C(N(C)CC4=CC(Cl)=CC=C4)=O)N32,4,1.06,,,,,,,,
OSM-X-011,FC(F)OC(C=C1)=CC=C1C2=NN=C3C=NC=C(CCCC4=CC=CC=C4)N32,4,0.28,,,,,,,,
OSM-X-072,FC(F)OC(C=C1)=CC=C1C2=NN=C3C=NC=C(CCN4CCOCC4)N32,4,10,,,,,,,,
OSM-X-065,FC(F)OC(C=C1)=CC=C1C2=NN=C3CNCC(CCCC4=CC=CC=C4)N32,4,8.76,,,,,,,,
OSM-X-078,FC(F)OC(C=C1)=CC=C1C2=NN=C3C(N)=NC=C(OCCC4=CC(F)=C(F)C=C4)N32,4,10,,,,,,,,
OSM-X-083,FC(F)OC(C=C1)=CC=C1C2=NN=C3C=NC=C(CCN4CC(C=CC=C5)=C5C4)N32,4,10,,,,,,,,
OSM-X-093,FC(F)OC(C=C1)=CC=C1C2=NN=C3C=NC=C(N4CC(C5=CC=CC=C5)C4)N32,4,10,,,,,,,,
OSM-X-016,FC(F)OC(C=C1)=CC=C1C2=NN=C3C=NC=C(COCC4=CC(F)=C(F)C=C4)N32,4,0.36,,,,,,,,
OSM-X-063,FC(F)OC(C=C1)=CC=C1C2=NN=C3C(C)=NC=C(OCCC4=CC(F)=C(F)C=C4)N32,4,6.92,,,,,,,,
OSM-X-012,FC(F)OC(C=C1)=CC=C1C2=NN=C3C=NC=C(C(NCC4=CC(F)=C(F)C=C4)=O)N32,4,0.28,,,,,,,,
OSM-X-069,FC(F)OC(C=C1)=CC=C1C2=NN=C3C=NC=C(CNC(C4=CC(Cl)=CC=C4)=O)N32,4,10,,,,,,,,
OSM-S-516,FC(F)OC(C=C1)=CC=C1C2=NN=C3C=NC=C(OC4=CC=C(Cl)C=C4)N32,4,2.96,,,5.19,,,,,
OSM-S-218,FC(C=C1)=C(F)C=C1C(OC)COC2=CN=CC3=NN=C(C4=CC=C(C#N)C=C4)N32,4,0.04,,,"0.146, 1.13",,,,,
OSM-S-273,ClC(C=C1)=CC=C1C2=CN=C3C=NC=C(OCCC4=CC(F)=C(F)C=C4)N32,4,0.11,,,,,,,,
OSM-X-053,FC(F)OC(C=C1)=CC=C1C2=NN=C3C=NC=C(C(NC4=CC=C(F)C=C4)=O)N32,4,3.74,,,,,,,,
OSM-X-031,FC(F)OC(C=C1)=CC=C1C2=NN=C3C=NC=C(C(NC4=CC=C(F)C(F)=C4)=O)N32,4,0.65,,,,,,,,
OSM-X-014,FC(F)OC(C=C1)=CC=C1C2=NN=C3C=NC=C(CCCC4=CC(F)=C(F)C=C4)N32,4,0.32,,,,,,,,
OSM-S-367,O=C(NC1=CC=C(Cl)C=C1)C2=CN=CC3=NN=C(C4=CC=C(OC(F)F)C=C4)N32,4,5,,,9.791,,,,,
OSM-X-047,FC1=C(F)C=CC(CCOC2=CN=CC3=NN=C(N4CCC5=C4C=CC(F)=C5)N32)=C1,4,2.05,,,,,,,,
OSM-S-274,ClC(C=C1)=CC=C1C2=NC=C3C=NC=C(OCCC4=CC(F)=C(F)C=C4)N32,4,0.83,,,,,,,,
OSM-X-002,FC(F)OC(C=C1)=CC=C1C2=NN=C3C=NC=C(OC[C@H](N(C)C)C4=CC(F)=C(F)C=C4)N32,4,0.04408,,,,,,,,
OSM-X-022,FC(F)OC(C=C1)=CC=C1C2=NN=C3C=NC=C(OCC4(COC4)C5=CC(F)=C(F)C=C5)N32,4,0.4833,,,,,,,,
OSM-S-377,FC(C=C1)=C(F)C=C1C(OC(F)F)COC2=CN=CC3=NN=C(C4=CC=C(C#N)C=C4)N32,4,0.01668,,,,,,,,
OSM-X-005,FC(F)OC(C=C1)=CC=C1C2=NN=C3C=NC=C(OC4=CC(C=CC=C5)=C5C=C4)N32,4,0.1147,,,,,,,,
OSM-X-089,FC(F)OC(C=C1)=CC=C1C2=NN=C3C=NC=C(OCC(F)(F)F)N32,4,10,,,,,,,,
OSM-X-067,FC(F)OC(C=C1)=CC=C1C2=NN=C3C=NC=C(OC[C@H](NC)C4=CC(F)=C(F)C=C4)N32,4,10,,,,,,,,
OSM-X-018,FC(F)OC(C=C1)=CC=C1C2=NN=C3C=NC=C(OC4=CC=C(C(F)(F)F)C=C4)N32,4,0.3829,,,,,,,,
OSM-X-020,FC(F)OC(C=C1)=CC=C1C2=NN=C3C=NC=C(OC4=CC(Cl)=C(Cl)C=C4)N32,4,0.4551,,,,,,,,
OSM-S-379,FC(C(Cl)=C1)=CC=C1NC(C2=CN=CC3=NN=C(C4=CC=C(OC(F)F)C=C4)N32)=O,4,0.191,,,0.398,,,,,
OSM-X-080,FC(F)OC(C=C1)=CC=C1C2=NN=C3C=NC=C(C(N4C(C=CC(F)=C5)=C5CC4)=O)N32,4,10,,,,,,,,
OSM-X-066,FC(F)OC(C=C1)=CC=C1C2=NN=C3C=NC=C(NC4=CC=C(Cl)C(Cl)=C4)N32,4,9.635,,,,,,,,
OSM-X-050,FC(F)OC(C=C1)=CC=C1C2=NN=C3C=NC=C(OC4=CC=CC(Cl)=C4)N32,4,3.066,,,,,,,,
OSM-S-175,FC(OC1=CC=C(C2=NN=C3C=NC=C(N32)C(NC4=CC(C(F)(F)F)=NC=C4)=O)C=C1)F,4,0.1404,,,0.451,,,,,
OSM-X-001,FC(F)OC(C=C1)=CC=C1C2=NN=C3C=NC(OCCC4=CC=C(F)C(F)=C4)=CN32,4,0.03382,,,,,,,,
OSM-X-024,FC(F)OC(C=C1)=CC=C1C2=NN=C3C=NC(OCC4=CC(F)=C(F)C=C4)=CN32,4,0.5207,,,,,,,,
OSM-S-381,FC(F)OC(C=C1)=CC=C1C2=NN=C3C=NC=C(OCC(CO)C4=CC(F)=C(F)C=C4)N32,4,0.02432,,,,,,,,
OSM-X-075,FC(F)OC(C=C1)=CC=C1C2=NN=C3C=NC(NCC4=CC(F)=C(F)C=C4)=CN32,4,10,,,,,,,,
OSM-X-030,FC(F)OC(C=C1)=CC=C1C2=NN=C3C=NC=C(OCC(N4CCOCC4)C5=CC(F)=C(F)C=C5)N32,4,0.6133,,,,,,,,
OSM-X-033,FC(F)OC(C=C1)=CC=C1C2=NN=C3C=NC=C(OC4=CC=C(C(C)(C)C)C=C4)N32,4,0.738,,,,,,,,
OSM-X-048,FC(F)OC(C=C1)=CC=C1C2=NN=C3C=NC=C(OC4=CC(CCCC5)=C5C=C4)N32,4,2.581,,,,,,,,
OSM-X-028,FC(F)OC(C=C1)=CC=C1C2=NN=C3C=NC=C(OC4=CC(C(F)(F)F)=C(Cl)C=C4)N32,4,0.5973,,,,,,,,
OSM-X-010,FC(F)OC(C=C1)=CC=C1C2=NN=C3C=NC=C(OC[C@H](N)C4=CC(F)=C(F)C=C4)N32,4,0.2785,,,,,,,,
OSM-X-026,FC(F)OC(C=C1)=CC=C1C2=NN=C3C=NC=C(N[C@H](C4=CC=C(F)C(F)=C4)CO)N32,4,0.5697,,,,,,,,
OSM-X-060,FC(F)OC(C=C1)=CC=C1C2=NN=C3C=NC=C(N4N=CC(C5=CC(F)=C(F)C=C5)=C4)N32,4,6.721,,,,,,,,
OSM-X-057,FC(F)OC(C=C1)=CC=C1C2=NN=C3C=NC=C(C(NC4=CC=C(F)C=C4Cl)=O)N32,4,5.576,,,,,,,,
OSM-X-074,FC(F)OC(C=C1)=CC=C1C2=NN=C3C=NC(NC4=CC(F)=C(F)C=C4)=CN32,4,10,,,,,,,,
OSM-X-015,FC(F)OC(C=C1)=CC=C1C2=NN=C3C=NC=C(C(NCC4=C(Cl)C=CC(Cl)=C4)=O)N32,4,0.3321,,,,,,,,
OSM-X-013,FC(F)OC(C=C1)=CC=C1C2=NN=C3C=NC=C(C(NCC4=C(Cl)C(C(F)(F)F)=CC=C4)=O)N32,4,0.309,,,,,,,,
OSM-X-085,FC(F)OC(C=C1)=CC=C1C2=NN=C3C=NC=C(N4C=CN=C4CC5=CC=C(F)C(F)=C5)N32,4,10,,,,,,,,
OSM-X-088,FC(C=C1)=CC=C1N(N=C2C)C(C)=C2C3=NN=C4C=NC=C(OCC(F)(F)F)N43,4,10,,,,,,,,
OSM-X-009,FC(F)OC(C=C1)=CC=C1C2=NN=C3C=NC=C(OC4=CC=C(S(F)(F)(F)(F)F)C=C4)N32,4,0.2627,,,,,,,,
OSM-X-052,FC(F)OC(C=C1)=CC=C1C2=NN=C3C=NC(OC4=CC(F)=C(F)C=C4)=CN32,4,3.446,,,,,,,,
OSM-X-076,FC(F)OC(C=C1)=CC=C1C2=NN=C3C=NC(NCCC4=CC=C(F)C=C4)=CN32,4,10,,,,,,,,
OSM-X-086,ClC(C(Cl)=C1)=CC=C1OC2=CN=CC3=NN=C(C4=C(C)N(C5=CC=C(F)C=C5)N=C4C)N32,4,10,,,,,,,,
OSM-X-029,FC(F)OC1=CC=C(C=C1)C2=NN=C3N2C(O[C@H]4CN(C5CC5)[C@H]4C6=CC=C(F)C(F)=C6)=CN=C3,4,0.6095,,,,,,,,
OSM-X-037,FC(F)OC1=CC=C(C=C1)C2=NN=C3N2C(O[C@H]4C(N(C5CC5)[C@H]4C6=CC=C(F)C(F)=C6)=O)=CN=C3,4,1.121,,,,,,,,
OSM-X-044,FC(F)OC(C=C1)=CC=C1C2=NN=C3C=NC=C(OC4=CC=C(N(C)C=C5)C5=C4)N32,4,1.983,,,,,,,,
OSM-X-068,FC(F)OC(C=C1)=CC=C1C2=NN=C3C=NC(O[C@@H]4C(N(C5CC5)[C@@H]4C6=CC=C(F)C(F)=C6)=O)=CN32,4,10,,,,,,,,
OSM-X-039,FC(F)OC(C=C1)=CC=C1C2=NN=C3C=NC=C(OC4=CC(N=C(C(F)(F)F)C=C5)=C5C=C4)N32,4,1.629,,,,,,,,
OSM-X-043,FC(F)OC(C=C1)=CC=C1C2=NN=C3C=NC=C(OC4=CC=C(C(C)=NO5)C5=C4)N32,4,1.928,,,,,,,,
OSM-X-042,FC(F)OC(C=C1)=CC=C1C2=NN=C3C=NC=C(OC4=CC=C(C(C)=CC(C)(C)O5)C5=C4)N32,4,1.822,,,,,,,,
OSM-X-087,FC(F)OC(C=C1)=CC=C1C2=NN=C3C=NC=C(OC4=CC=C(C=NN5C)C5=C4)N32,4,10,,,,,,,,
OSM-X-025,FC(F)OC(C=C1)=CC=C1C2=NN=C3C=NC=C(C(NC4CCC5=C4C=CC(Cl)=C5)=O)N32,4,0.5468,,,,,,,,
OSM-X-081,O=C(NC1=CC=NC(C(F)(F)F)=C1)C2=CN=CC3=NN=C(C4=C(C)N(C5=CC=C(F)C=C5)N=C4C)N32,4,10,,,,,,,,
OSM-X-070,FC(F)OC(C=C1)=CC=C1C2=NN=C3C=NC=C(OC(C(F)(F)F)C4(CC4)C5=CC(F)=C(F)C=C5)N32,4,10,,,,,,,,
OSM-X-059,FC(F)OC(C=C1)=CC=C1C2=NN=C3C=NC=C(OC4=CC5=NN(C)C=C5C=C4)N32,4,6.203,,,,,,,,
OSM-S-390,FC(OC1=CC=C(C2=NN=C3C=NC=C(N32)OCC(C4=CC(F)=C(C=C4)F)O)C=C1)F,4,0.124,,,0.074,,,,,
OSM-X-040,FC(F)OC(C=C1)=CC=C1C2=NN=C3C=NC=C(OCC4=CC=CC5=C4C=CC=C5)N32,4,1.668,,,,,,,,
OSM-X-032,FC(F)OC(C=C1)=CC=C1C2=NN=C3C=NC=C(O[C@H]4CN(C5CC5)[C@@H]4C6=CC(F)=C(F)C=C6)N32,4,0.7308,,,,,,,,
OSM-X-004,FC(F)OC(C=C1)=CC=C1C2=NN=C3C=NC=C(OCC(C)(O)C4=CC(F)=C(F)C=C4)N32,4,0.1012,,,,,,,,
OSM-X-058,FC(F)OC(C=C1)=CC=C1C2=NN=C3C=NC=C(OC4=CC=CC(OC5=CC=CC=N5)=C4)N32,4,6.038,,,,,,,,
OSM-X-038,FC(F)OC(C=C1)=CC=C1C2=NN=C3C=NC=C(OCC4CCC5=C4C=CC(Cl)=C5)N32,4,1.459,,,,,,,,
OSM-X-006,FC(F)OC(C=C1)=CC=C1C2=NN=C3C=NC=C(OCC(C)(F)C4=CC(F)=C(F)C=C4)N32,4,0.1228,,,,,,,,
OSM-X-046,FC(F)OC(C=C1)=CC=C1C2=NN=C3C=NC=C(OC4=CC=C(N=C(C(F)(F)F)N=C5)C5=C4)N32,4,2.025,,,,,,,,
OSM-X-003,FC(F)OC(C=C1)=CC=C1C2=NN=C3C=NC=C(OCC(F)C4=CC=C(F)C(F)=C4)N32,4,0.06536,,,,,,,,
OSM-X-027,FC(F)OC(C=C1)=CC=C1C2=NN=C3C=NC=C(OC4=CC=C(C=CS5)C5=C4)N32,4,0.5764,,,,,,,,
OSM-X-061,FC(F)OC(C=C1)=CC=C1C2=NN=C3C=CC(OCCC4=CC=C(F)C(F)=C4)=NN32,4,6.779,,,,,,,,
OSM-X-034,FC(F)OC(C=C1)=CC=C1C2=NN=C3C=NC=C(OC4=CC=C(C=C(F)C(F)=C5)C5=C4)N32,4,0.8392,,,,,,,,
OSM-X-008,FC(F)OC(C=C1)=CC=C1C2=NN=C3C=NC=C(OC4=CC=C(C(F)=CC(F)=C5)C5=C4)N32,4,0.1734,,,,,,,,
OSM-X-023,FC(F)OC(C=C1)=CC=C1C2=NN=C3C=CC(NCCC4=CC=C(F)C=C4)=NN32,4,0.5096,,,,,,,,
OSM-X-041,FC(F)OC(C=C1)=CC=C1C2=NN=C3C=NC=C(OC4=CC5=NC(OC)=CC=C5C=C4)N32,4,1.67,,,,,,,,
OSM-X-073,FC(F)OC(C=C1)=CC=C1C2=NN=C3C=NC(NC(CC4=CC(Cl)=CC=C4)=O)=CN32,4,10,,,,,,,,
OSM-X-071,N#CC(C=C1)=CC=C1C2=NN=C3C=CC(NCCC4=CC=CN=C4)=NN32,4,10,,,,,,,,
OSM-S-204,O=C(NC1=C(F)C(Cl)=CC=C1)C2=CN=CC(N23)=NN=C3C4=CC=C(OC(F)F)C=C4,4,,,0.702,1.002,,,,,
OSM-S-254,O=C(NC1=CC(Cl)=CC=C1C)C2=CN=CC(N23)=NN=C3C4=CC=C(OC(F)F)C=C4,4,,,0.391,0.966,,,,,
OSM-S-265,N#CC(C=C1)=CC=C1C2=NN=C3N2C(OCC(OC)C4=CC=CC=C4)=CN=C3,4,,,0.285,,,,,,
OSM-S-258,ClC1=CC=CC=C1CCOC2=CN=CC3=NN=C(C4=CC=NC=C4)N32,4,,,10,,,,,,
OSM-S-255,O=C(NC1=C(C)C(Cl)=CC=C1)C2=CN=CC(N23)=NN=C3C4=CC=C(OC)C=C4,4,,,10,,,,,,
OSM-S-256,O=C(NC1=C(F)C(Cl)=CC=C1)C2=CN=CC(N23)=NN=C3C4=CC=C(OC)C=C4,4,,,5.66,,,,,,
OSM-S-257,O=C(NC1=CC(Cl)=CC=C1C)C2=CN=CC(N23)=NN=C3C4=CC=C(OC)C=C4,4,,,1.06,,,,,,
OSM-S-259,ClC(C=C1)=CC=C1C2=NN=C3C=NC=C(OCC4=CC=C(F)C(F)=C4)N32,4,,,0.452,,,,,,
OSM-S-260,FC1=C(F)C=CC(CCOC2=CN=CC3=NN=C(C4=CC=C(OC(F)F)C=C4)N32)=C1,4,,,0.281,,,,,,
OSM-S-262,O=C(NC1=CC(Cl)=CC=C1)C2=CN=CC(N23)=NN=C3C4=NC=CC=C4,4,,,10,,,,,,
OSM-S-263,O=C(NC1=CC(Cl)=CC=C1)C2=CN=CC(N23)=NN=C3C4=CN=CC=C4,4,,,10,,,,,,
OSM-S-271,O=C(NC1=CC(Cl)=CC=C1)C2=CN=CC(N23)=NN=C3C4=CC=C(OC(F)(F)F)C=C4,4,,,0.234,,,,,,
OSM-S-275,OC(COc2cncc3nnc(C1CCCCC1)n23)c4ccccc4,4,,,5,,,,,,
OSM-S-276,OC(COc1cncc2nnc(CC)n12)c3ccccc3,4,,,10,,,,,,
OSM-S-277,OC(COc2cncc3nnc(c1ccccc1)n23)c4ccccc4,4,,,5,,,,,,
OSM-S-278,OC(C1=CC=CC=C1)COC2=CN=CC3=NN=C(C4=CN=C(C(F)(F)F)C=C4)N32,4,,,"3.462, 3.665",4.867,,,,,
OSM-S-279,OC(C1=CC=CC=C1)COC2=CN=CC3=NN=C(C4=CC=C(OC(F)F)C=C4)N32,4,,,"0.264, 0.265",0.364,,,,,
OSM-S-280,COC1=CN=CC2=NN=C(C3=CC=C(OC(F)F)C=C3)N21,4,,,10,,,,,,
OSM-S-281,FC(F)OC(C=C1)=CC=C1C2=NN=C3C=NC=C(OC[C@H](NC)C4=CC=CC=C4)N32,4,,,10,,,,,,
OSM-S-283,NC(C1=CC=CC=C1)COC2=CN=CC3=NN=C(C4=CC=C(OC(F)F)C=C4)N32,4,,,"1.502, 2.498",,,,,,
OSM-S-37 ,CC1=C(/C=C2S/C(NC\2=O)=N\C3=CC=CC=C3)C=C(C)N1C4=CC=C(C)C=C4,1,,0.028; 0.015,,,0.015,0.009,0.161,,
OSM-S-39,CC1=C(/C=C2S/C(NC\2=O)=N\C3=CC=CC=C3)C=C(C)N1C4=CC(C(F)(F)F)=CC(C(F)(F)F)=C4,1,,0.007; 0.121,,,0.001,0.005,,,
OSM-S-51,CC1=C(/C=C2S/C(NC\2=O)=N\C3=CC=CC=C3)C=C(C)N1C4=NC=CC=C4,1,,0.309; 0.048,,,0.307,0.442,,,
OSM-S-291,ClC(C=CC=C1)=C1C2=NN=C3N2C(OCCC4=CC=CC=C4)=CN=C3,4,,,5,,,,,,
OSM-S-292,ClC1=CC=CC(C2=NN=C3N2C(OCCC4=CC=CC=C4)=CN=C3)=C1,4,,,2.5,,,,,,
OSM-S-294,C12=NN=C(C3=CC=CC=C3)N1C(OCCC4=CC=CC=C4)=CN=C2,4,,,1.599,1.42,,,,,
OSM-S-295,FC1=CC(C2=NN=C3N2C(OCCC4=CC=CC=C4)=CN=C3)=CC(F)=C1,4,,,5,,,,,,
OSM-S-296,C12=NN=C(C3=CC(OCO4)=C4C=C3)N1C(OCCC5=CC=CC=C5)=CN=C2,4,,,1.014,,,,,,
OSM-S-297,C12=NN=C(C3=CC(C=CC=C4)=C4C=C3)N1C(OCCC5=CC=CC=C5)=CN=C2,4,,,0.415,,,,,,
OSM-S-298,FC1=CC(C2=NN=C3N2C(OCC4=NC=CC=C4)=CN=C3)=CC(F)=C1,4,,,10,,,,,,
OSM-S-299,C12=NN=C(C3=CC(OCO4)=C4C=C3)N1C(OCC5=NC=CC=C5)=CN=C2,4,,,10,,,,,,
OSM-S-300,C12=NN=C(C3=CC(C=CC=C4)=C4C=C3)N1C(OCC5=NC=CC=C5)=CN=C2,4,,,10,,,,,,
OSM-S-301,FC(OC(C=C1)=CC=C1C2=NN=C3N2C(OCC4=NC=CC=C4)=CN=C3)F,4,,,5,,,,,,
OSM-S-346,FC(F)OC(C=C1)=CC=C1C2=NN=C3C=NC=C(OC(C)C4=CC=C(Cl)C(Cl)=C4)N32,4,,,0.702,,,,,,
OSM-S-347,FC(F)OC(C=C1)=CC=C1C2=NN=C3C=NC=C(OCC4=CC=C(Cl)C(Cl)=C4)N32,4,,,0.529,,,,,,
OSM-S-348,FC(F)OC(C=C1)=CC=C1C2=NN=C3C=NC=C(OCC4=CC=C(Cl)C=C4)N32,4,,,1.636,,,,,,
OSM-S-349,FC(C=C1)=C(F)C=C1C2=NN=C3C=NC=C(OCCC4=CC=CC=C4)N32,4,,,0.582,,,,,,
OSM-S-350,ClC(C=C1)=C(Cl)C=C1C2=NN=C3C=NC=C(OCCC4=CC=CC=C4)N32,4,,,0.709,,,,,,
OSM-S-351,ClC1=CC(Cl)=C(C2=NN=C3C=NC=C(N32)OCCC4=CC=CC=C4)C=C1,4,,,0.259,,,,,,
OSM-S-352,FC(C=C1)=CC=C1C2=NN=C3C=NC=C(OCCC4=CC=CC=C4)N32,4,,,0.366,,,,,,
OSM-LO-13,FC(F)OC(C=C1)=CC=C1C2=NN=C3C=NC=C(OCC(CO)C4=CC=CC=C4)N32,4,,,,0.279,,,,,
OSM-S-353,FC(F)OC(C=C1)=CC=C1C2=NN=C3C=NC=C(OCC(CO)C4=CC=CC=C4)N32,4,,,0.073,0.134,,,,,
OSM-S-359,FC(F)OC(C=C1)=CC=C1C2=NN=C3C=NC=C(SCC4=CC=CC=C4)N32,4,,,10,,,,,,
OSM-S-360,FC(F)OC(C=C1)=CC=C1C2=NN=C3C=NC=C(S(CC4=CC=CC=C4)=O)N32,4,,,2.5,,,,,,
OSM-S-361,FC(F)OC(C=C1)=CC=C1C2=NN=C3C=NC=C(S(CC4=CC=CC=C4)(=O)=O)N32,4,,,10,,,,,,
OSM-S-363,FC(F)OC(C=C1)=CC=C1C2=NN=C3C(SCCC4=CC=CC=C4)=NC=CN32,4,,,,10,,,,,
OSM-S-362,FC(F)OC(C=C1)=CC=C1C2=NN=C3C=NC=C(N4N=NC(C5=CC=CC=C5)=C4)N32,4,,,10,,,,,,
OSM-S-365,FC(F)OC(C=C1)=CC=C1C2=NN=C3C=NC=C(S(CCC4=CC=CC=C4)(=O)=O)N32,4,,,,10,,,,,
OSM-S-364,FC(F)OC(C=C1)=CC=C1C2=NN=C3C=NC=C(S(CCC4=CC=CC=C4)=O)N32,4,,,,10,,,,,
OSM-S-368,FC(F)OC(C=C1)=CC=C1C2=NN=C3C=NC=C(OCC4=CC=CC=C4)N32,4,,,,2.239,,,,,
OSM-S-369,FC(F)OC(C=C1)=CC=C1C2=NN=C3C=NC=C(OCCC4=CC=CC=C4)N32,4,,,,"0.251, 0.301, 0.534, 0.362, 0.341",,,,,
OSM-S-370,FC(F)OC(C=C1)=CC=C1C2=NN=C3C=NC=C(OCCCC45C6C7C4C8C5C6C87)N32,4,,,,1.995,,,,,
OSM-S-371,FC(F)OC(C=C1)=CC=C1C2=NN=C3C=NC=C(OCCC4(C56)C7C6C8C5C4C87)N32,4,,,,0.372,,,,,
OSM-S-372,FC(F)OC(C=C1)=CC=C1C2=NN=C3C=NC=C(OCC4=CN(CC5=CC=CC=C5)N=N4)N32,4,,,,10,,,,,
OSM-S-373,FC(F)OC(C=C1)=CC=C1C2=NN=C3C=NC=C(OCC(N=N4)=CN4C5=CC=CC=C5)N32,4,,,,10,,,,,
OSM-S-374,FC(F)OC(C=C1)=CC=C1C2=NN=C3C=NC=C(OCC4=CN(C5=NC(Cl)=CN=C5)N=N4)N32,4,,,,10,,,,,
OSM-S-375,IC12C(C3C1C4C52)C5C34C6=NN=C7C=NC=C(OCCC8=CC(F)=C(F)C=C8)N76,4,,,,10,,,,,
OSM-S-388,OC1=NN=C2C(N3CCCCC3)=NC=CN21,4,,,,10,,,,,
OSM-S-387,FC(C=C1)=C(F)C=C1CCOC2=CN=CC3=NN=CN32,4,,,,10,,,,,
OSM-S-378,FC1=C(F)C=CC(C(N(C)C)COC2=CN=CC3=NN=C(C4=CC=C(C#N)C=C4)N32)=C1,4,,,,10,,,,,
OSM-S-376,OC(C1=CC(F)=C(F)C=C1)COC2=CN=CC3=NN=C(C4=CC=C(C#N)C=C4)N32,4,,,,0.803,,,,,
OSM-S-382,IC12C3C4C5(C3C1C5C24)C6=NN=C7C=NC=C(C(NC8=CC(C(F)(F)F)=NC=C8)=O)N76,4,,,,10,,,,,
OSM-S-383,FC(F)OC(C=C1)=CC=C1C2=NN=C3C=NC=C(OCCC4=CC(OC)=CC=C4)N32,4,,,,0.135,,,,,
OSM-S-384,FC(F)OC(C=C1)=CC=C1C2=NN=C3C=NC=C(OCCC4=CC=C(OC)C=C4)N32,4,,,,0.928,,,,,
OSM-S-385,FC(F)OC(C=C1)=CC=C1C2=NN=C3C=NC=C(OC(C)C4=CC=C(F)C(F)=C4)N32,4,,,,8.586,,,,,
OSM-S-386,FC(F)OC(C=C1)=CC=C1C2=NN=C3C=NC=C(OC(C)C4=CC=C(C#N)C=C4)N32,4,,,,4.801,,,,,
OSM-S-389,FC1=C(C=CC(C(COC2=CN=CC3=NN=C(N32)C4=CC=C(OC(F)F)C=C4)N(C)C)=C1)F,4,,,,0.189,,,,,
OSM-S-15,O=C(C1=CC=CC=C1)NCC(O)=O,1,,,,,,,,,
OSM-S-16,O=C(NC1=C(C)N(C)N(C2=CC=CC=C2)C1=O)CNC(C3=CC=CC=C3)=O,1,,5,,,0,0,,,
OSM-S-25,CC1=CC=C(C)N1C2=CC=CC=C2,1,,,,,,,,,
OSM-S-23,CC1=C(C(OCC)=O)C=NN1C2=CC=CC=C2,1,,,,,,,,,
OSM-S-24,CC1=C(C(O)=O)C=NN1C2=CC=CC=C2,1,,,,,,,,,
OSM-S-285,[H]N(CC(N)=O)C,1,,,,,,,,,
OSM-S-287,CC1=CC=C(C)N1C2=CC=C([N+]([O-])=O)C=C2,1,,,,,,,,,
OSM-S-46,CC1=C(C=O)C=C(C)N1C2=CC=C(C(OCC)=O)C=C2,1,,,,,,,,,
OSM-S-289,CC1=CC=C(C)N1C2=CC=C(OC)C=C2,1,,,,,,,,,
OSM-S-290,O=C([H])C1=C(C)N(C(C)=C1)C2=CC=C(OC)C=C2,1,,,,,,,,,
OSM-S-243,FC1=CC=C(N2N=CC(C(OCC)=O)=C2N)C=C1,1,,,,,,,,,
OSM-S-40,CC1=CC=C(C)N1C2=CC=C(C(OCC)=O)C=C2,1,,,,,,,,,
OSM-S-53,S=C(NC(C)=O)NC1=CC=CC=C1,1,,,,,,,,,
OSM-S-11,FC1=CC=C(N2C(C)=C(CO)C=C2C)C=C1,1,,,,,,,,,
OSM-S-286,OC(CS/1)=NC1=N\C2=CC=CC=C2,1,,,,,,,,,
OSM-S-44,CC1=C(C=O)C=C(C)N1C2=CC=CC=N2,1,,,,,,,,,
OSM-A-1,O=C(/C(S/1)=C/C2=C(C)N(C(C)=C2)C3=CC=C(S(=O)(N)=O)C=C3)NC1=N\C4=CC=CC=C4,1,,,,,,,3.05,,
OSM-S-33,CC1=CC=C(C)N1C2=CC(C(F)(F)F)=CC(C(F)(F)F)=C2,1,,,,,,,,,
OSM-S-26,CC1=CC=C(C)N1C2=CC=C(C)C=C2,1,,,,,,,,,
OSM-S-48,CCOC(C1=CC=C(N2C(C)=CC(/C=C(C(N/3)=O)\SC3=N/C4=CC=CC=C4)=C2C)C=C1)=O,1,,0.267,,,0.169,0.339,,,
OSM-S-266,FC1=CC=C(N2C(C)=CC(C(NN)=O)=C2C)C=C1,1,,,,,,,,,
OSM-S-85,CC1=CC(=C(C)[N]1C2=CC=CC=C2)C3=NN=C(O3)SCC(=NC4=CC(=CC=C4)OC)O,1,,,,,0,,,,
OSM-S-91,CC1=CC(=C(C)[N]1C2=CC=C(C=C2)F)C(=O)OCC(N(C)C)=O,1,,,,,11.3,,,,
OSM-S-82,CC1=CC(=C(C)[N]1C2=CC=C(C=C2)F)C(=O)OCC(=NC)O,1,,,,,9.4,,,,
OSM-S-27,CC1=CC=C(C)N1C2=CC=C(C(F)(F)F)C=C2,1,,,,,,,,,
OSM-S-34,CC1=C(C=O)C=C(C)N1C2=CC=C(C(F)(F)F)C=C2,1,,,,,,,,,
OSM-S-288,O=C([H])C1=C(C)N(C2=CC=C([N+]([O-])=O)C=C2)C(C)=C1,1,,,,,,,,,
OSM-S-18,NCC(NC1=C(C)N(C)N(C2=CC=CC=C2)C1=O)=O,1,,,,,,,,,
OSM-S-1,FC1=CC=C(N2C(C)=CC=C2C)C=C1,1,,,,,,,,,
OSM-S-245,FC1=CC=C(N2N=CC(C(O)=O)=C2)C=C1,1,,,,,,,,,
OSM-S-241,FC1=CC=C(N2N=CC(C(OCC)=O)=C2C)C=C1,1,,,,,,,,,
OSM-S-242,FC1=CC=C(N2N=CC(C(O)=O)=C2C)C=C1,1,,,,,,,,,
OSM-S-193,O=C1COC(C)(C)O1,1,,,,,,,,,
OSM-S-41,CC1=CC=C(C)N1C2=CC=CC=N2,1,,,,,,,,,
OSM-S-116,CC(N1C2=CC=C(F)C=C2)=C(C(OC(C)C(N)=O)=O)C=C1C,1,,,,,11,,,,
OSM-S-284,CN(CC(O)=N)CC1=CC=CC=C1,1,,,,,,,,,
OSM-E-14,O=C(OC)COCC#C,1,,,,,,,,,
OSM-S-244,FC1=CC=C(N2N=CC(C(OCC)=O)=C2)C=C1,1,,,,,,,,,
OSM-S-192,OCC(NC1=C(C)N(C)N(C2=CC=CC=C2)C1=O)=O,1,,,,,,,,,
OSM-S-90,CCC1=CC=C(C=C1)[N]2C(=CC(=C2C)CN3CCC(CC3)C(=O)O)C,1,,,,,0,,,,
OSM-S-81,CC1=CC(=C(C)[N]1C2=CC=CC=C2)C(=NCC(N(C)C)=O)O,1,,,,,0,,,,
OSM-S-57,O=C(OCC(N)=O)C1=C(C)N(N=C1)C2=CC=CC=C2,1,,,,,0,,,,
OSM-S-86,CCN(CC(=NC1=C(C=CC=C1F)F)O)C(C2=C(C)[N](C(=C2)C)C3=CC=C(C=C3)F)=O,1,,,,,0,,,,
OSM-S-88,CC1=CC(=C(C)[N]1C2=CC=C(C=C2)Cl)CNC3CCN(CC3)CC(=NC)O,1,,,,,14.7,,,,
OSM-S-83,CC1=CC(=C(C)[N]1C2=CC=CC=C2)C(N3CCN=C(C3)O)=O,1,,,,,0,,,,
OSM-S-87,CC1=CC(=CC=C1)[N]2C(=CC(=C2C)C(N(C)CC(N=C3C=C(C)ON3)=O)=O)C,1,,,,,0,,,,
OSM-S-93,FC(C=C1)=CC=C1N2C(C)=C(C(N(C)C)=O)C=C2C,1,,,,,0,,,,
OSM-S-22,FC1=CC=C(N2C(C)=CC(C(N)=O)=C2C)C=C1,1,,,,,,,,,
OSM-S-89,CCN=C([C@@H]1C[C@H](CN1CC2=C(C)[N](C(=C2)C)C3=CC=CC=C3Cl)N)O,1,,,,,24.7,,,,
OSM-S-247,FC1=CC=C(N2C(C)=CC(C3=NC(C(OCC)=O)=CO3)=C2C)C=C1,1,,,,,,,,,
OSM-S-20,FC1=CC=C(N2C(C)=CC(C(Cl)=O)=C2C)C=C1,1,,,,,,,,,
OSM-S-7,FC1=CC=C(N2C(C)=CC(C(N(C(NC3CCCCC3)=O)C4CCCCC4)=O)=C2C)C=C1,1,,5,,,7.8,0,,,
OSM-S-17,O=C(NC1=C(C)N(C)N(C2=CC=CC=C2)C1=O)CNC(OC(C)(C)C)=O,1,,,,,,,,,
OSM-S-21,FC1=CC=C(N2C(C)=CC(C(NCC(NC3=C(C)N(C)N(C4=CC=CC=C4)C3=O)=O)=O)=C2C)C=C1,1,,5,,,31,0,,,
OSM-S-36,CC1=C(C=O)C=C(C)N1C2=CC(C(F)(F)F)=CC(C(F)(F)F)=C2,1,,,,,,,,,
OSM-S-38,CC1=CC(/C=C(C(N/2)=O)\SC2=N/C3=CC=CC=C3)=C(C)N1C(C=C4)=CC=C4C(F)(F)F,1,,0.029,,,0.002,0.205,,,
OSM-S-43,CC(N1C2=CC=C(C(F)(F)F)C=C2)=C(/C=C3SC(N(CC#N)C4=CC=CC=C4)=NC\3=O)C=C1C,1,,5,,,3.12,0,,,
OSM-S-45,O=C(N=C(S/1)N(C(C)=O)C2=CC=CC=C2)C1=C\C3=C(C)N(C4=CC=C(C=C4)C(F)(F)F)C(C)=C3,1,,0.026,,,0.012,0.008,,,
OSM-S-49,O=C(N=C(S/1)N(C2=CC=CC=C2)C(C)=O)C1=C\C3=C(C)N(C4=CC=CC=C4)C(C)=C3,1,,0.085,,,0.063,0.028,,,
OSM-S-50,O=C(N=C(S/1)N(C2=CC=CC=C2)C(C)=O)C1=C\C3=C(C)N(C4=CC=C(C)C=C4)C(C)=C3,1,,0.025,,,0.326,0.156,,,
OSM-S-68,FC(C=C1)=CC=C1N2C(C)=C(C(OC(C)(C)C(N)=O)=O)C=C2C,1,,,,,0,,,,
OSM-S-246,FC1=CC=C(N2C(C)=CC(C3=NC(C(N)=O)=CO3)=C2C)C=C1,1,,,,,,,,,
OSM-S-236,FC1=CC=C(N2C(C)=CC(COCC(N)=O)=C2C)C=C1,1,,,,,,,,,
OSM-E-1,FC1=CC=C(N2C(C)=CC(S(N(C)CC(N)=O)(=O)=O)=C2C)C=C1,1,,,,50,,,,,
OSM-S-105,FC1=CC=C(N2N=CC(C3=NC(C(N)=O)=CO3)=C2C)C=C1,1,,,,,0,,,,
OSM-S-92,FC(C=C1)=CC=C1N2C=C(C(OCC(N)=O)=O)C=N2,1,,,,,0,,,,
OSM-S-60,FC(C=C1)=CC=C1N2C(C)=C(CN(C)CC(N)=O)C=C2C,1,,,,,0,,,,
OSM-S-58,FC(C=C1)=CC=C1N2C(C)=C(CNCC(N)=O)C=C2C,1,,,,,0,,,,
OSM-S-59,FC(C=C1)=CC=C1N2C(C)=C(C(N(C)CC(N)=O)=O)C=C2C,1,,,,,0,,,,
OSM-S-63,FC(C=C1)=CC=C1N2C(C)=C(C(OC3)=NC3C(OC)=O)C=C2C,1,,,,,,,,,
OSM-S-100,FC1=CC=C(N2C(C)=CC(C(OC(C)C(O)=O)=O)=C2C)C=C1,1,,,,,0,,,,
OSM-S-104,FC1=CC=C(N2N=CC(C3=NC(C(O)=O)=CO3)=C2C)C=C1,1,,,,,0,,,,
OSM-S-99,FC1=CC=C(N2C(C)=CC(C(OC(C)C(OCC)=O)=O)=C2C)C=C1,1,,,,,0,,,,
OSM-S-61,FC(C=C1)=CC=C1N2C(C)=C(C(NC(CO)C(OC)=O)=O)C=C2C,1,,,,,0,,,,
OSM-S-62,FC(C=C1)=CC=C1N2C(C)=C(C3=NC(C(OC)=O)=CO3)C=C2C,1,,,,,0,,,,
OSM-S-96,FC1=CC=C(N2N=CC(C3=NC(C(OC)=O)=CO3)=C2C)C=C1,1,,,,,0,,,,
OSM-S-97,FC1=CC=C(N2C(C)=CC(C(CCC(O)=O)=O)=C2C)C=C1,1,,,,,0,,,,
OSM-S-101,FC1=CC=C(N2C(C)=CC(C3=NC(C(O)=O)=CO3)=C2C)C=C1,1,,,,,0,,,,
OSM-S-95,FC(C=C1)=CC=C1N2C(C)=CC(CNC3CCN(CC4=CC=CC=C4)CC3)=C2C,1,,,,,4.8,,,,
OSM-S-98,FC1=CC=C(N2C(C)=CC(C(CCC(N(C)C)=O)=O)=C2C)C=C1,1,,,,,0,,,,
OSM-S-102,FC1=CC=C(N2C(C)=CC(C(CCC(NC)=O)=O)=C2C)C=C1,1,,,,,0,,,,
OSM-S-253,O=C(OCC)C1=CN(C=C1)C2=CC=C(F)C=C2,1,,,,,,,,,
OSM-A-10,O=C([H])C1=C(C)N(C(C)=C1)C2=CC(OC)=CC=C2,1,,,,,,,,,
OSM-A-11,IC1=CC=C(N2C(C)=CC=C2C)C=C1,1,,,,,,,,,
OSM-A-12,IC1=CC=C(N2C(C)=CC(C([H])=O)=C2C)C=C1,1,,,,,,,,,
OSM-A-2,O=C(/C(S/1)=C/C2=C(C)N(C(C)=C2)C3=CC=C(C#N)C=C3)NC1=N\C4=CC=CC=C4,1,,,,,,,0.574,,
OSM-A-3,O=C(/C(S/1)=C/C2=C(C)N(C(C)=C2)C3=CC=C(I)C=C3)NC1=N\C4=CC=CC=C4,1,,,,,,,0.098,,
OSM-A-4,,1,,,,,,,1.745,,
OSM-A-5,CC1=CC=C(C)N1C2=CC=C(S(=O)(N)=O)C=C2,1,,,,,,,,,
OSM-A-6,O=C([H])C1=C(C)N(C(C)=C1)C2=CC=C(S(N)=O)C=C2,1,,,,,,,,,
OSM-A-7,CC1=CC=C(C)N1C2=CC=C(C#N)C=C2,1,,,,,,,,,
OSM-A-8,O=C([H])C1=C(C)N(C(C)=C1)C2=CC=C(C#N)C=C2,1,,,,,,,,,
OSM-A-9,CC1=CC=C(C)N1C2=CC(OC)=CC=C2,1,,,,,,,,,
OSM-E-10,FC1=CC=C(N2C(C)=CC(S(N(C)CC(OC)=O)(=O)=O)=C2C)C=C1,1,,,,,,,,,
OSM-E-11,FC1=CC=C(N2C(C)=CC(S(N([H])CC(OC)=O)(=O)=O)=C2C)C=C1,1,,,,,,,,,
OSM-E-12,FC1=CC=C(N2C(C)=CC(S([O-])(=O)=O)=C2C)C=C1.[H][N+]3=CC=CC=C3,1,,,,,,,,,
OSM-E-13,FC1=CC=C(N2C(C)=C(S(N(CC(OC)=O)C)(=O)=O)C(S(N(C)CC(OC)=O)(=O)=O)=C2C)C=C1,1,,,,,,,,,
OSM-E-15,FC(C(F)=C1)=CC=C1CCOC2=CC=CC3=NN=C(C4=CC=C(C#N)C=C4)N32,4,,,3.5,,,,,,
OSM-E-16,ClC(C=CC=C1)=C1CCOC2=CC=CC3=NN=C(C4=CC=C(C#N)C=C4)N32,4,,,5.2,,,,,,
OSM-E-17,N#CC(C=C1)=CC=C1C2=NN=C3C=CC=C(OCCC4=CC=CC=C4)N32,4,,,6.8,,,,,,
OSM-E-18,ClC1=CC=CC(N/N=C/C2=CC=C(C#N)C=C2)=N1,4,,,50,,,,,,
OSM-E-19,ClC1=CC=CC2=NN=C(C3=CC=C(C#N)C=C3)N21,4,,,50,,,,,,
OSM-E-2,FC1=CC=C(N2C(C)=CC(S(NCC(N)=O)(=O)=O)=C2C)C=C1,1,,,,50,,,,,
OSM-E-20,ClC1=CC=CC(C(NC2=CC(C(F)(F)F)=NC=C2)=O)=N1,4,,,50,,,,,,
OSM-E-21,O=C(NC1=CC=NC(C(F)(F)F)=C1)C2=CC=CC(N/N=C/C3=CC=C(C#N)C=C3)=N2,4,,,50,,,,,,
OSM-E-22,O=C(NC1=CC=NC(C(F)(F)F)=C1)C2=CC=CC3=NN=C(C4=CC=C(C#N)C=C4)N32,4,,,50,,,,,,
OSM-E-23,OCCCNC1=C2C(C=C(C3CC=CC(S(=O)(N)=O)=C3)S2)=NC=N1,3,,,18.5,,,,,,
OSM-E-24,NC1=C2C(C=C(C3CC=CC(S(=O)(N4CCCC4)=O)=C3)S2)=NC=N1,3,,,50,,,,,,
OSM-E-25,NC1=C2C(C(C)=C(C3=CC=CC(S(=O)(N)=O)=C3)S2)=NC=N1,3,,,50,,,,,,
OSM-E-26,NC1=C2C(C(C)=C(C3C(C)C=CC(S(=O)(N)=O)=C3)S2)=NC=N1,3,,,50,,,,,,
OSM-E-27,OCCNC1=C2C(C=C(C3=CC=CC(S(=O)(N)=O)=C3)S2)=NC=N1,3,,,50,,,,,,
OSM-E-28,ClC1=C2C(C(C)=C(Br)S2)=NC=N1,3,,,,,,,,,
OSM-E-29,NC1=C2C(C(C)=C(Br)S2)=NC=N1,3,,,,,,,,,
OSM-E-3,FC1=CC=C(N2C(C)=C(S(N(CC(N)=O)C)(=O)=O)C(S(N(C)CC(N)=O)(=O)=O)=C2C)C=C1,1,,,,50,,,,,
OSM-E-30,OCCCNC1=C2C(C=CS2)=NC=N1,3,,,,,,,,,
OSM-E-31,O=S(N)(C1=CC=C(C)C(Br)=C1)=O,3,,,,,,,,,
OSM-E-32,NC1=C2C(C=C(C3=CC(S(=O)(N)=O)=CC=C3C)S2)=NC=N1,3,,,,50,,,,,
OSM-E-33,O=S(N)(C1=CC=C(C)C(B2OC(C)(C)C(C)(C)O2)=C1)=O,3,,,,,,,,,
OSM-E-34,NC1=C2C(C=C(C3=CC(S(=O)(NC)=O)=CC=C3)S2)=NC=N1,3,,,50,,,,,,
OSM-E-4,FC1=CC=C(N2N=NC(COC(CBr)=O)=C2)C=C1,1,,,,50,,,,,
OSM-E-5,FC1=CC=C(N2N=NC(COCC(OCC)=O)=C2)C=C1,1,,,,50,,,,,
OSM-E-6,FC1=CC=C(N2N=NC(COCC(OC)=O)=C2)C=C1,1,,,,50,,,,,
OSM-E-7,FC1=CC=C(N2N=NC(COCC(OCC3=CN(C4=CC=C(F)C=C4)N=N3)=O)=C2)C=C1,1,,,,50,,,,,
OSM-E-8,FC1=CC=C(N2N=NC(COCC(N)=O)=C2)C=C1,1,,,,50,,,,,
OSM-E-9,FC1=CC=C(N2C(C)=CC(S(Cl)(=O)=O)=C2C)C=C1,1,,,,,,,,,
OSM-L-2,O=C(OCC#N)C1=C(C)N(N=C1)C2=CC=CC=C2,1,,,,,,,,,
OSM-S-113,O=C(/C(S/1)=C/C2=C(C)N(C3=CC=CC=N3)C(C)=C2)NC1=N\C4=CC=C(O)C=C4,1,,,,,0,,,,
OSM-S-117 (DUPLICATE OF OSM-S-64),,,,,,,40,,,,
OSM-S-118,C12=NC=NC(C3=CC=CC=C3)=C1SC=C2,3,,,,,40,,,,
OSM-S-119,BrC1=C(Br)C2=NC=NC(C3=CC=CC=C3)=C2S1,3,,,,,40,,,,
OSM-S-120,BrC1=CC2=NC=NC(C3=CC=CC=C3)=C2S1,3,,,,,40,,,,
OSM-S-122,C12=NC=NC(C3=CC=CC=C3)=C1SC(C4=CC=CC=C4)=C2,3,,,,,40,,,,
OSM-S-125,BrC1=CC2=NC=NC(N3CCOCC3)=C2S1,3,,,,,40,,,,
OSM-S-129,NC1=C2C(C=C(C3=CC=C(S(N)(=O)=O)C=C3)S2)=NC=N1,3,,,,,40,,,,
OSM-S-130,NC1=C2C(C=C(C3=CC=C(C(N(C)C)=O)C=C3)S2)=NC=N1,3,,,,,40,,,,
OSM-S-131,NC1=C2C(C=C(C3=CC=C(OC)C=C3)S2)=NC=N1,3,,,,,40,,,,
OSM-S-132,NC1=C2C(C=C(C3=CC=C(C(N4CCOCC4)=O)C=C3)S2)=NC=N1,3,,,,,40,,,,
OSM-S-134,NC1=C2C(C=C(C3=CC=C(C(N4CCN(C)CC4)=O)C=C3)S2)=NC=N1,3,,,,,40,,,,
OSM-S-135,NC1=C2C(C=C(C3=CC=CC(C(N)=O)=C3)S2)=NC=N1,3,,,,,40,,,,
OSM-S-136,BrC1=CC2=NC=NC(N3CCN(CC4=CC=C(F)C=C4)CC3)=C2S1,3,,,,,15,,,,
OSM-S-138,CC1=CC(/C=C(S/2)/C(NC2=N\C3=CC=CC=C3)=O)=C(C)N1C4=CC=C(N)C=C4,1,,,,,2.3,,,,
OSM-S-139,BrC1=CC2=NC=NC(N)=C2S1,3,,,,,,,,,
OSM-S-140,BrC1=CC2=NC=NC(NN)=C2S1,3,,,,,,,,,
OSM-S-141,CN(C)C1=C2C(C=CS2)=NC=N1,3,,,,,,,,,
OSM-S-142,NC1=C2C(C=C(C3=CC(C(N4CCN(C)CC4)=O)=CC=C3)S2)=NC=N1,3,,5,,,,,,,
OSM-S-143,ClC1=C2C(C=C(C3=CC(S(N)(=O)=O)=CC=C3)S2)=NC=N1,3,,,,,,,,,
OSM-S-144,NS(C1=CC=CC(C2=CC3=NC=NC(OCCN(C)C)=C3S2)=C1)(=O)=O,3,,,,,,,,,
OSM-S-146,CC(C(C)(C)O1)(C)OB1C2=CC(S(NC(OC(C)(C)C)=O)(=O)=O)=CC=C2,3,,,,,,,,,
OSM-S-147,O=C(OC)C1=NC=CN=C1,4,,,,,,,,,
OSM-S-148,O=C(OC)C1=NC=C[N+]([O-])=C1,4,,,,,,,,,
OSM-S-149,O=C(OC)C1=NC(Cl)=CN=C1,4,,,,,,,,,
OSM-S-150,OC(C1=NC(Cl)=CN=C1)=O,4,,,,,,,,,
OSM-S-151,O=S(N)(C1=CC=CC(B2OC(C)(C)C(C)(C)O2)=C1)=O,3,,,,,,,,,
OSM-S-152,CC(C(C)(C)O1)(C)OB1C2=CC(S(NC)(=O)=O)=CC=C2,3,,,,,,,,,
OSM-S-153,CC(C(C)(C)O1)(C)OB1C2=CC(S(N(C)C)(=O)=O)=CC=C2,3,,,,,,,,,
OSM-S-154,BrC1=CC(S(NC)(=O)=O)=CC=C1,3,,,,,,,,,
OSM-S-155,BrC1=CC(S(N(C)C)(=O)=O)=CC=C1,3,,,,,,,,,
OSM-S-156,CCOC(CCSCC(OCC)=O)=O,3,,,,,,,,,
OSM-S-157,O=C(OCC)C1SCCC1,3,,,,,,,,,
OSM-S-158,O=C(OC)C1=C(NC(C(F)(F)F)=O)C=CS1,3,,,,,,,,,
OSM-S-159,IC1=CC2=NC=NC(N3CCOCC3)=C2S1,3,,,,,,,,,
OSM-S-167,BrC1=CC2=NC=NC(NC)=C2S1,3,,,,,,,,,
OSM-S-168,CNC1=C2C(C=CS2)=NC=N1,3,,,,,,,,,
OSM-S-169,CN(C)C1=C2C(C=C(Br)S2)=NC=N1,3,,,,,,,,,
OSM-S-170,BrC1=CC2=NC=NC(OCCN(C)C)=C2S1,3,,,,,,,,,
OSM-S-171,O=C1C2=C(C=CS2)NC=N1,3,,,,,,,,,
OSM-S-172,COC1=C2C(C=CS2)=NC=N1,3,,,,,,,,,
OSM-S-173,O=S(C1=CC=C(Br)C=C1)(N(C)C)=O,3,,,,,,,,,
OSM-S-174,CN(CC1)CCN1C2=C3C(C=CS3)=NC=N2,3,,,,,,,,,
OSM-S-187,N#CC(C=C1)=CC=C1C2=NN=C3C=NC=C(OCCC4=CC=CC=C4)N32,4,,0.534,,,,,,,
OSM-S-188,N#CC(C=C1)=CC=C1C2=NN=C3C(SCCC4=CC=CC=C4)=NC=CN32,4,,,,,,,,,
OSM-S-190,ClC1=CC(CCNC2=NC=CN3C2=NN=C3C4=CC=C(C#N)C=C4)=CC=C1,4,,,,,,,,,
OSM-S-191,ClC(C=C1)=CC=C1C2=NN=C3C(NCCC4=CC=CC(Cl)=C4)=NC=CN32,4,,,,,,,,,
OSM-S-194,C12=CC=CC=C1C3=C(C4(CCN(CC5=CC=CC=C5)CC4)OCC3)N2,TB,,1.033,,,,,,,
OSM-S-195,ClC1=C2C(C3(CCN(CC4=CC=CC=C4)CC3)OCC2)=CC=C1,TB,,,,,,,,,
OSM-S-196,COC1=C(OC)C=C(C2(CCN(CC3=CC=CC=C3)CC2)OCC4)C4=C1,TB,,,,,,,,,
OSM-S-197,C12=CC=CC=C1C3=C(C4(CCNCC4)OCC3)[N]2,TB,,,,,,,,,
OSM-S-198,C1(C2(CCN(CC3=CC=CC=C3)CC2)OCC4)=C4C=CS1,TB,,,,,,,,,
OSM-S-199,C1(C(C=CC=C2)=C2[N]3)=C3C4(CCN(CC5=CC=C(OCCO6)C6=C5)CC4)OCC1,TB,,,,,,,,,
OSM-S-200,C12=CC=CC=C1C3=C(C4(CCN(CC5=CC=CC=C5)CC4)OCC3)S2,TB,,,,,,,,,
OSM-S-203,ClC1=CC(NC(C(N23)=CN=CC2=NN=C3C4=CC=C(C#N)C=C4)=O)=CC=C1,4,,,,,,,,,
OSM-S-205,ClC1=C(F)C(NC(C(N23)=CN=CC2=NN=C3C4=CC=C(C#N)C=C4)=O)=CC=C1,4,,,,,,,,,
OSM-S-207,FC(F)OC(C=C1)=CC=C1C2=NN=C3C=NC=C(C(N4CC(C(F)=CC=C5)=C5C4)=O)N32,4,,,,,,,,,
OSM-S-208,FC(C=C1)=C(F)C=C1C(OC)COC2=CN=CC3=NN=C(C4=CC=C(C#N)C=C4)N32,4,,0.207,,,,,,,
OSM-S-209,C1(CCOC23CCN(CC4=CC=CC=C4)CC3)=C2C=CS1,TB,,,,,,,,,
OSM-S-210,C1(CCOC23CCN(CC4=CC(OCCO5)=C5C=C4)CC3)=C2C=CS1,TB,,,,,,,,,
OSM-S-211,C1(CCOC23CCN(CC4=CC(OCO5)=C5C=C4)CC3)=C2C=CS1,TB,,,,,,,,,
OSM-S-212,ClC(C=C1)=CC=C1CN(CC2)CCC32C4=C(SC=C4)CCO3,TB,,,,,,,,,
OSM-S-213,O=C(C1=CC=C(Br)C=C1)N(CC2)CCC32C4=C(SC=C4)CCO3,TB,,,,,,,,,
OSM-S-214,CC1=C(C=C(C)N1C2=CC=C(F)C=C2)CN(CC3)CCC43C5=C(SC=C5)CCO4,TB,,,,,,,,,
OSM-S-215,C1(CCOC23CCN(C4CCCCC4)CC3)=C2C=CS1,TB,,,,,,,,,
OSM-S-216,O=C(C1=CC=CC=C1)N(CC2)CCC32C4=C(SC=C4)CCO3,TB,,,,,,,,,
OSM-S-217,O=C(OCCCl)N(CC1)CCC21C3=C(SC=C3)CCO2,TB,,,,,,,,,
OSM-S-219,ClC1=CN=CC2=NN=C(C3=CC=C(C#N)C=C3)N21,4,,,,,,,,,
OSM-S-220,ClC1=CN=CC2=NN=C(C3=CC=C(Cl)C=C3)N21,4,,,,,,,,,
OSM-S-222,COC(C(O)C1=CC(F)=C(F)C=C1)=O,4,,,,,,,,,
OSM-S-226,C[Si](C)(OC(C1=CC(F)=C(F)C=C1)C#N)C,4,,,,,,,,,
OSM-S-227,CC1=C(Cl)C=CC=C1NC(C2=NC(Cl)=CN=C2)=O,4,,,,,,,,,
OSM-S-228,ClC1=C(F)C(NC(C2=NC(Cl)=CN=C2)=O)=CC=C1,4,,,,,,,,,
OSM-S-229,CC1=C(NC(C2=NC(Cl)=CN=C2)=O)C=C(Cl)C=C1,4,,,,,,,,,
OSM-S-230,ClC1=CC(NC(C2=CN=CC(NN)=N2)=O)=CC=C1,4,,,,,,,,,
OSM-S-248,FC1=CC=C(N2C(C)=CC(C3=NC(C(N)=O)CO3)=C2C)C=C1,1,,,,,,,,,
OSM-S-249,FC1=CC=C(N2C(C)=CC(C(N(C(C(N)=O)CO)[H])=O)=C2C)C=C1,1,,,,,,,,,
OSM-S-250,FC1=CC=C(N2N=CC(C(N(C(C(OC)=O)CO)[H])=O)=C2C)C=C1,1,,,,,,,,,
OSM-S-251,FC1=CC=C(N2N=CC(C(N(C(C(N)=O)CO)[H])=O)=C2C)C=C1,1,,,,,,,,,
OSM-S-252,CC1=C(C(N(C(C(OC)=O)CO)[H])=O)C=NN1C2=CC=CC=C2,1,,,,,,,,,
OSM-S-261,ClC1=CC=C(C2=NN=C3C=NC=C(OC[C@H](N)CC4=CC=CC=C4)N32)C=C1,4,,,,,,,,,
OSM-S-264,ClC1=CC(NC(C(N23)=CN=CC2=NN=C3C4=CC=NC=C4)=O)=CC=C1,4,,,,,,,,,
OSM-S-267,FC1=CC=C(N2C(C)=CC(C(NNC(C)=O)=O)=C2C)C=C1,1,,,,,,,,,
OSM-S-268,FC1=CC=C(N2C(C)=CC(C(NNC(C(OC)=O)=O)=O)=C2C)C=C1,1,,,,,,,,,
OSM-S-269,FC1=CC=C(N2C(C)=CC(C3=NN=C(C(OC)=O)O3)=C2C)C=C1,1,,,,,,,,,
OSM-S-270,COC1=CC=C(C2=NN=C3C=NC=C(N32)C(NC4=CC=CC(Cl)=C4)=O)C=C1,4,,,,,,,,,
OSM-S-302,ClC1=CN=CC(NN)=N1,4,,,,,,,,,
OSM-S-303,ClC1=CN=CC(N/N=C/C2=CC=C(C#N)C=C2)=N1,4,,,,,,,,,
OSM-S-304,ClC1=CN=CC(N/N=C/C2=CC=C(OC(F)(F)F)C=C2)=N1,4,,,,,,,,,
OSM-S-305,ClC1=CN=CC(N/N=C/C2=CC=C(OC(F)F)C=C2)=N1,4,,,,,,,,,
OSM-S-306,ClC1=CN=CC(N/N=C/C2=CC=CC=C2)=N1,4,,,,,,,,,
OSM-S-307,ClC1=CN=CC(N/N=C/C2=C(Cl)C=CC=C2)=N1,4,,,,,,,,,
OSM-S-308,ClC1=CN=CC(N/N=C/C2=CC(Cl)=CC=C2)=N1,4,,,,,,,,,
OSM-S-309,ClC1=CN=CC(N/N=C/C2=CC=C(Cl)C=C2)=N1,4,,,,,,,,,
OSM-S-310,ClC1=CN=CC(N/N=C/C2=CC(F)=CC(F)=C2)=N1,4,,,,,,,,,
OSM-S-311,ClC1=CN=CC(N/N=C/C2=CC=C(OCO3)C3=C2)=N1,4,,,,,,,,,
OSM-S-312,ClC1=CN=CC(N/N=C/C2=CC=C(C=CC=C3)C3=C2)=N1,4,,,,,,,,,
OSM-S-313,ClC1=CN=CC(N/N=C/C2=CC=C(C(F)(F)F)N=C2)=N1,4,,,,,,,,,
OSM-S-314,ClC1=CN=CC(N/N=C/C2CCCN(C2)C(OC(C)(C)C)=O)=N1,4,,,,,,,,,
OSM-S-315,ClC1=CN=CC(N/N=C/C2CCCCC2)=N1,4,,,,,,,,,
OSM-S-316,ClC1=CN=CC(N/N=C/CC)=N1,4,,,,,,,,,
OSM-S-317,ClC1=CN=CC2=NN=C(C3=CC=C(OC(F)(F)F)C=C3)N21,4,,,,,,,,,
OSM-S-318,ClC1=NC(N/N=C/C2=CC=NC=C2)=CN=C1,4,,,,,,,,,
OSM-S-319,ClC(N12)=CN=CC1=NN=C2C3=CC(F)=CC(F)=C3,4,,,,,,,,,
OSM-S-320,ClC(N12)=CN=CC1=NN=C2C3=CN=C(C(F)(F)F)C=C3,4,,,,,,,,,
OSM-S-321,ClC(N12)=CN=CC1=NN=C2C3CCCCC3,4,,,,,,,,,
OSM-S-322,CCC1=NN=C2C=NC=C(N21)Cl,4,,,,,,,,,
OSM-S-323,ClC(N12)=CN=CC1=NN=C2C3CCCN(C3)C(OC(C)(C)C)=O,4,,,,,,,,,
OSM-S-324,ClC1=CN=CC2=NN=C(C3=CC=C(OC(F)F)C=C3)N21,4,,,,,,,,,
OSM-S-325,ClC(N12)=CN=CC1=NN=C2C3=CC=CC=C3,4,,,,,,,,,
OSM-S-326,ClC(N12)=CN=CC1=NN=C2C3=CC(C=CC=C4)=C4C=C3,4,,,,,,,,,
OSM-S-327,ClC(N12)=CN=CC1=NN=C2C3=CC(OCO4)=C4C=C3,4,,,,,,,,,
OSM-S-329,FC1=C(F)C=C(C(C(O)=O)O)C=C1,4,,,,,,,,,
OSM-S-330,FC1=C(F)C=C(C(C(OC)=O)OC)C=C1,4,,,,,,,,,
OSM-S-331,FC1=C(F)C=C(C(CO)OC)C=C1,4,,,,,,,,,
OSM-S-332,ClC1=CN=CC2=NN=C(C3=CC=NC=C3)N21,4,,,,,,,,,
OSM-S-333,ClC(N12)=CN=CC1=NN=C2C3=CC(Cl)=CC=C3,4,,,,,,,,,
OSM-S-334,ClC(N12)=CN=CC1=NN=C2C3=C(Cl)C=CC=C3,4,,,,,,,,,
OSM-S-335,O=C(OCC)C(CO)C1=CC=CC=C1,4,,,,,,,,,
OSM-S-336,OC(C(OC)=O)C1=CC=CC=C1,4,,,,,,,,,
OSM-S-337,O=C(OC)C(OC)C1=CC=CC=C1,4,,,,,,,,,
OSM-S-338,OCC(OC)C1=CC=CC=C1,4,,,,,,,,,
OSM-S-339,O=C(OC)C(OC1OCCCC1)C2=CC=CC=C2,4,,,,,,,,,
OSM-S-340,OCC(OC1OCCCC1)C2=CC=CC=C2,4,,,,,,,,,
OSM-S-341,N[C@@H](CO)C1=CC=CC=C1,4,,,,,,,,,
OSM-S-342,O=C(O)[C@H](NC(O)=O)C1=CC=CC=C1,4,,,,,,,,,
OSM-S-343,OC[C@H](NC)C1=CC=CC=C1,4,,,,,,,,,
OSM-S-344,OC[C@H](N(C)C)C1=CC=CC=C1,4,,,,,,,,,
OSM-S-345,O=C(OCC)C(C1=CC=CC=C1)COC2=CN=CC3=NN=C(C4=CC=C(OC(F)F)C=C4)N32,4,,,,,,,,,
OSM-S-354,OC(C)(C)COC1=CN=CC2=NN=C(C3=CC=C(OC(F)(F)F)C=C3)N21,4,,,,,,,,,
OSM-S-355,FC(F)OC(C=C1)=CC=C1C2=NN=C3C=NC=C(OCC(C4=CC=CC=C4)CN)N32,4,,,,,,,,,
OSM-S-356,OC(C1=CC=CC=C1)COC2=CN=CC3=NN=C(C4=NC=CC=C4)N32,4,,,,,,,,,
OSM-S-357,FC(F)OC(C=C1)=CC=C1C2=NN=C3C=NC=C(OCC(C)(C)OC)N32,4,,,,,,,,,
OSM-S-358,FC(F)OC(C=C1)=CC=C1C2=NN=C3C=NC=C(OCC(C4=CC=CC=C4)N(C)C)N32,4,,,,,,,,,
OSM-S-425,CC(C)(C)OC(NC1=COC=C1)=O,3,,,,,,,,,
OSM-S-426,COC(C1=C(NC(OC(C)(C)C)=O)C=CO1)=O,3,,,,,,,,,
OSM-S-427,NC1=C(C(OC)=O)OC=C1,3,,,,,,,,,
OSM-S-428,COC(C1=C(NC=O)C=CO1)=O,3,,,,,,,,,
OSM-S-429,O=C1N=CNC2=C1OC=C2,3,,,,,,,,,
OSM-S-434,O=S(NCCN(C)C)(C1=CC=CC(Br)=C1)=O,3,,,,,,,,,
OSM-S-435,O=S(N)(C1=CC=CC(C2=CC3=NC=NC(NC)=C3S2)=C1)=O,3,,,,,,,,,
OSM-S-436,NC1=C2C(C(C)=CS2)=NC=N1,3,,,,,,,,,
OSM-S-437,CN(C)CCNC1=C2C(C=CS2)=NC=N1,3,,,,,,,,,
OSM-S-438,NCCCNC1=C2C(C=CS2)=NC=N1,3,,,,,,,,,
OSM-S-439,CN(C)CCOC1=C2C(C=CS2)=NC=N1,3,,,,,,,,,
OSM-S-440,CN(CC1)CCN1C2=C3C(C=C(Br)S3)=NC=N2,3,,,,,,,,,
OSM-S-441,CN(C)CCNC1=C2C(C=C(Br)S2)=NC=N1,3,,,,,,,,,
OSM-S-443,BrC1=CC2=NC=NC(NC(C)=O)=C2S1,3,,,,,,,,,
OSM-S-444,O=C(OCC)N(CC1)CCN1C2=C3C(C=CS3)=NC=N2,3,,,,,,,,,
OSM-S-445,O=C(OCC)N(CC1)CCN1C2=C3C(C=C(Br)S3)=NC=N2,3,,,,,,,,,
OSM-S-446,FC1=CC=C(CN2CCNCC2)C=C1,3,,,,,,,,,
OSM-S-447,O=S(N)(C1=CC=CC(C2=CC3=NC=NC(NN)=C3S2)=C1)=O,3,,,,,,,,,
OSM-S-448,ClC1=C2C(C(Br)=CS2)=NC=N1,3,,,,,,,,,
OSM-S-449,FC(C=C1)=CC=C1CN(CC2)CCN2C3=C4C(C=C(C5=CC=CC=C5)S4)=NC=N3,3,,,,,,,,,
OSM-S-450,OC1=C2C(C(Br)=CS2)=NC=N1,3,,,,,,,,,
OSM-S-451,NC1=C2C(C=C(C3=CC=C(F)C=C3)S2)=NC=N1,3,,,,,,,,,
OSM-S-452,NC1=C2C(C=C(CC3=CC=CC=C3)S2)=NC=N1,3,,,,,,,,,
OSM-S-453,NC1=C2C(C=C(C3=CC=C(C(N)=O)C=C3)S2)=NC=N1,3,,,,,,,,,
OSM-S-454,FC(C=C1)=CC=C1CN(CC2)CCN2C3=C4C(C=C(C5=CC=C(OC)C=C5)S4)=NC=N3,3,,,,,,,,,
OSM-S-455,O=S(C1=CC=C(B(O)O)C=C1)(N)=O,3,,,,,,,,,
OSM-S-456,O=S(C(C=C1)=CC=C1C2=CC3=NC=NC(N4CCOCC4)=C3S2)(N)=O,3,,,,,,,,,
OSM-S-457,CN(C)C(C1=CC(C2=CC3=NC=NC(N4CCOCC4)=C3S2)=CC=C1)=O,3,,,,,,,,,
OSM-S-458,BrC1=CC2=NC=NC(N3CCSCC3)=C2S1,3,,,,,,,,,
OSM-S-459,ClC1=C2C(C=C(C3=CC=CC=C3)S2)=NC=N1,3,,,,,,,,,
OSM-S-460,CC(O1)(C)C(C)(C)OB1C2=CC=CC=C2,3,,,,,,,,,
OSM-S-461,C12=NC=NC(N3CCSCC3)=C1SC=C2,3,,,,,,,,,
OSM-S-462,CN(C1=NC=NC2=C1SC=C2)C3=CC=C(Cl)C=C3,3,,,,,,,,,
OSM-S-463,NC1=CSC=C1,3,,,,,,,,,
OSM-S-464,BrC1=CC2=NC=NC(NS(C3=CC=C(C)C=C3)(=O)=O)=C2S1,3,,,,,,,,,
OSM-S-465,O=C(NC1=CC=CC(B2OC(C)(C)C(C)(C)O2)=C1)NC3=CC=CC=C3,3,,,,,,,,,
OSM-S-466,O=C(NC1=CC=CC(Br)=C1)NC2=CC=CC=C2,3,,,,,,,,,
OSM-S-467,OC1=C2C(C=CS2)=NC(C(F)(F)F)=N1,3,,,,,,,,,
OSM-S-468,C1(C2=CC=CC=C2)=CC=CS1,3,,,,,,,,,
OSM-S-469,C12=NC=NC(N3N=CC=C3)=C1SC=C2,3,,,,,,,,,
OSM-S-47,O=C1CS/C(N1C2=CC=CC=C2)=N\C3=CC=CC=C3,1,,,,,,,,,
OSM-S-470,CC1=CC(C=CC=C2)=C2N1C3=C4C(C=CS4)=NC=N3,3,,,,,,,,,
OSM-S-471,CC1=CC=C(C)N1C2=C3C(C=CS3)=NC=N2,3,,,,,,,,,
OSM-S-472,C12=NC=NC(N3C=CC=C3)=C1SC=C2,3,,,,,,,,,
OSM-S-473,O=C(OC(C)(C)C)NS(=O)(C1=CC=CC(C2=CC3=NC=NC(Cl)=C3S2)=C1)=O,3,,,,,,,,,
OSM-S-474,ClC1=C2C(C=C(B3OC(C)(C)C(C)(C)O3)S2)=NC=N1,3,,,,,,,,,
OSM-S-475,O=S(C(C=C1)=CC=C1C2=CC3=NC=NC(Cl)=C3S2)(N)=O,3,,,,,,,,,
OSM-S-476,OC1=C2C(C=C(Br)S2)=NC=N1,3,,,,,,,,,
OSM-S-477,O=S(N)(C1=CC=CC(C2=CC=CS2)=C1)=O,3,,,,,,,,,
OSM-S-478,OB(O)C1=CC=CC(S(=O)(N)=O)=C1,3,,,,,,,,,
OSM-S-479,ClC1=C2C(C=C(I)S2)=NC=N1,3,,,,,,,,,
OSM-S-480,NC1=C2C(C=C(I)S2)=NC=N1,3,,,,,,,,,
OSM-S-481,NC1=C2C(C(Br)=C(Br)S2)=NC=N1,3,,,,,,,,,
OSM-S-482,O=S(C(C=C1)=CC=C1C2=CC3=NC=NC(O)=C3S2)(N)=O,3,,,,,,,,,
OSM-S-483,C12=NC=NC(N(CC3=CC=CC=C3)CC4=CC=CC=C4)=C1SC=C2,3,,,,,,,,,
OSM-S-484,[2H]C1=CC2=NC=NC(N3CCOCC3)=C2S1,3,,,,,,,,,
OSM-S-485,[2H]C1=CC2=NC=NC(N[2H])=C2S1,3,,,,,,,,,
OSM-S-487,CC(C(C)(C)O1)(C)OB1C2=C(S(=O)(N)=O)C=CC=C2,3,,,,,,,,,
OSM-S-488,NC1=C2C(C=C(C3CC=CC(S(=O)(NC)=O)=C3)S2)=NC=N1,3,,,50,,,,,,
OSM-S-489,NC1=C2C(C=C(C3CC=CC(S(=O)(N(C)C)=O)=C3)S2)=NC=N1,3,,,50,,,,,,
OSM-S-490,O=S(N1CCCC1)(C2=CC=CC(B3OC(C)(C)C(C)O3)=C2)=O,3,,,,,,,,,
OSM-S-491,OCCNC1=C2C(C=CS2)=NC=N1,3,,,,,,,,,
OSM-S-492,O=S(N1CCCC1)(C2=CC=CC(Br)=C2)=O,3,,,,,,,,,
OSM-S-493,n1cnc3ccsc3c1N2CCOCC2,3,,,,,40,,,,
OSM-S-52,CC(N1C2=CC=C(C(F)(F)F)C=C2)=CC(/C=C(C(N/3C4=CC=CC=C4)=O)\SC3=N/C5=CC=CC=C5)=C1C,1,,0.372,,,0.054,0.485,,,
OSM-S-534,FC(F)OC(C=C1)=CC=C1C2=NN=C3C=NC=C(OCCC4=CC=CC=C4OCC5=CC=CC=C5)N32,4,,,,,,,,,
OSM-S-54,CC(N1C2=CC=C(C(F)(F)F)C=C2)=C(/C=C(C(N/3C4CCCC4)=O)\SC3=N/C5=CC=CC=C5)C=C1C,1,,0.276,,,0.034,0.52,,,
OSM-S-540,FC(F)OC(C=C1)=CC=C1C2=NN=C3C=NC=C(OCCC4=CC=CC=C4O)N32,4,,,,,,,,,
OSM-S-56,O=S(N(C)C1=CC=C(Cl)C=C1)(C2=NN(C(N(C)C)=O)C=N2)=O,2,,,,,,,,,
OSM-S-587,FC(F)OC(C=C1)=CC=C1C2=NN=C3C=NC=C(NCCC4=CC=CC=C4)N32,4,,,,,,,,,
OSM-S-590,O=C(NCCN1CCCCC1)N(CCC2)CCN2C3=C4C(C=C(C5=CC=CC=C5)S4)=NC=N3,3,,,,,0.231,,,,
OSM-S-592,ClC1=CN=CC2=NN=CN21,4,,,,,,,,,
OSM-S-593,NNC1=NC=C(Cl)N=C1,4,,,,,,,,,
OSM-S-594,ClC(N=C1)=CN2C1=NN=C2,4,,,,,,,,,
OSM-S-595,ClC1=CN=CC(N12)=NN=C2C3=CC=C(OC)C=C3,4,,,,,,,,,
OSM-S-596,BrC1=CN=CC(N12)=NN=C2C3=CC=C(OC)C=C3,4,,,,,,,,,
OSM-S-597,IC1=CN=CC(N12)=NN=C2C3=CC=C(OC)C=C3,4,,,,,,,,,
OSM-S-598,ClC1=CN=CC(N12)=NN=C2C3=CC=C([N+]([O-])=O)C=C3,4,,,,,,,,,
OSM-S-599,ClC1=NC=CN2C1=NN=C2C3=CC=CC=C3,4,,,,,,,,,
OSM-S-600,[O-][N+](C1=CC=C(C2=NN=C3C(Cl)=NC=CN32)C=C1)=O,4,,,,,,,,,
OSM-S-601,ClC(N=C1)=CN2C1=NN=C2C3=CC=C(OC(F)F)C=C3,4,,,,,,,,,
OSM-S-602,ClC1=NC=NC2=C1OC=C2,3,,,,,,,,,
OSM-S-603,O=CC1=C(N=[N+]=[N-])C=CO1,3,,,,,,,,,
OSM-S-604,O/N=C/C1=C(N=[N+]=[N-])C=CO1,3,,,,,,,,,
OSM-S-605,N#CC1=C(N=[N+]=[N-])C=CO1,3,,,,,,,,,
OSM-S-610,C12=NN=CN1C=CN=C2,4,,,,,,,,,
OSM-S-611,BrC1=NN=C2C=NC=CN21,4,,,,,,,,,
OSM-S-612,BrC1=CN=CC2=NN=CN21,4,,,,,,,,,
OSM-S-613,ClC1=NC=CN2C1=NN=C2,4,,,,,,,,,
OSM-S-614,IC1=CN=CC2=NN=CN21,4,,,,,,,,,
OSM-S-615,C12=NN=CN1C(SCCC3=CC=CC=C3)=CN=C2,4,,,,,,,,,
OSM-S-616,C1(SCCC2=CC=CC=C2)=NC=CN3C1=NN=C3,4,,,,,,,,,
OSM-S-617,C1(NCCC2=CC=CC=C2)=NC=CN3C1=NN=C3,4,,,,,,,,,
OSM-S-618,C12=NN=CN1C(NCCC3=CC=CC=C3)=CN=C2,4,,,,,,,,,
OSM-S-619,C12=NN=CN1C(OCCC3=CC=CC=C3)=CN=C2,4,,,,,,,,,
OSM-S-620,C1(OCCC2=CC=CC=C2)=NC=CN3C1=NN=C3,4,,,,,,,,,
OSM-S-640,ClC1=CN=CC2=NN=C(Br)N21,4,,,,,,,,,
OSM-S-65,Oc1ncnc2cc(I)sc12,3,,,,,40,,,,
OSM-S-650,NNC1=NC=CN=C1,4,,,,,,,,,
OSM-S-652,C1(N2CCOCC2)=NC=CN3C1=NN=C3,4,,,,,,,,,
OSM-S-653,C1(N2CCCCC2)=NC=CN3C1=NN=C3,4,,,,,,,,,
OSM-S-654,OCC(COC1=CN=CC2=NN=CN21)C3=CC=CC=C3,4,,,,,,,,,
OSM-S-655,OCC(COC1=CN=CC2=NN=C(Br)N21)C3=CC=CC=C3,4,,,,,,,,,
OSM-S-656,C12=NN=C(C3=CC=CC=C3)N1C=CN=C2,4,,,,,,,,,
OSM-S-657,NNC1=NC=CN=C1Cl,4,,,,,,,,,
OSM-S-658,NNC1=NC(Br)=CN=C1,4,,,,,,,,,
OSM-S-659,IC1=CN=CC(NN)=N1,4,,,,,,,,,
OSM-S-66,C1(CSC2=NNC=N2)=CC=CC=C1,2,,,,,40,,,,
OSM-S-660,IC1=NC(I)=CN=C1,4,,,,,,,,,
OSM-S-661,ClC1=CN=CC(N12)=NN=C2C3=C4C(OCO4)=CC=C3,4,,,,,,,,,
OSM-S-663,C12=NN=CN1C(N3CCCCC3)=CN=C2,4,,,,,,,,,
OSM-S-664,COC(C=C1)=CC=C1C2=NN=C3C(O)=NC=CN32,4,,,,,,,,,
OSM-S-665,OCC(CO)(CO)C1=CC=CC=C1,4,,,,,,,,,
OSM-S-667,ClC1=CN=CC(N12)=NN=C2C3=CC4=C(OCC4)C=C3,4,,,,,,,,,
OSM-S-67,O=C(N(C)C)N(C=N1)N=C1SCC2=CC=CC=C2,2,,,,,,,,,
OSM-S-671,ClC1=CN=CC(N12)=NN=C2C3=C(OCC)C=CC=C3,4,,,,,,,,,
OSM-S-674,ClC1=CN=CC(N12)=NN=C2C3=CC(OC)=C(OC)C(OC)=C3,4,,,,,,,,,
OSM-S-677,ClC1=CN=CC(N12)=NN=C2C3=C([N+]([O-])=O)C=CC=C3,4,,,,,,,,,
OSM-S-679,ClC1=CN=CC(N12)=NN=C2C3=C(C=CC=C4)C4=CC5=C3C=CC=C5,4,,,,,,,,,
OSM-S-681,ClC1=CN=CC(N12)=NN=C2C3=C(OC)C=CC=C3,4,,,,,,,,,
OSM-S-682,CC(C)(C)C1=CC=C(C2=NN=C3C=NC=C(Cl)N32)C=C1,4,,,,,,,,,
OSM-S-684,ClC1=CN=CC2=NN=C(C3=CC(C(C)(C)C)=CC(C(C)(C)C)=C3)N21,4,,,,,,,,,
OSM-S-686,ClC1=CN=CC2=NN=C(C3=C(OC)C=CC=C3OC)N21,4,,,,,,,,,
OSM-S-688,ClC1=CN=CC2=NN=C(C3=C(OC)C=C(OC)C=C3OC)N21,4,,,,,,,,,
OSM-S-69,O=CNc1ccsc1C(=O)OC,3,,,,,40,,,,
OSM-S-695,CC(C)(C)C1=CC=C(C2=NN=C3C(OCCC4=CC=CC=C4)=NC=CN32)C=C1,4,,,,,,,,,
OSM-S-696,BrC1=CN=CC(N12)=NN=C2C3=C(OC)C=CC=C3,4,,,,,,,,,
OSM-S-697,BrC1=CN=CC(N12)=NN=C2C3=CC=C([N+]([O-])=O)C=C3,4,,,,,,,,,
OSM-S-698,BrC1=CN=CC(N12)=NN=C2C3=C([N+]([O-])=O)C=CC=C3,4,,,,,,,,,
OSM-S-699,COC(C=CC=C1)=C1C2=NN=C3C(OCCC4=CC=CC=C4)=NC=CN32,4,,,,,,,,,
OSM-S-70,ClC1=C2C(C=CS2)=NC=N1,3,,,,,40,,,,
OSM-S-700,OC1=NC=CN2C1=NN=C2C3=C(OC)C=CC=C3,4,,,,,,,,,
OSM-S-701,OC1=NC=CN2C1=NN=C2C3=CC=C([N+]([O-])=O)C=C3,4,,,,,,,,,
OSM-S-702,OC1=NC=CN2C1=NN=C2C3=C([N+]([O-])=O)C=CC=C3,4,,,,,,,,,
OSM-S-703,COC(C=C1)=CC=C1C2=NN=C3C=NC=CN32,4,,,,,,,,,
OSM-S-704,O=[N+](C(C=C1)=CC=C1C2=NN=C3C=NC=C(SCCC4=CC=CC=C4)N32)[O-],4,,,,,,,,,
OSM-S-705,OCC1(COC(C)(C)OC1)C2=CC=CC=C2,4,,,,,,,,,
OSM-S-706,CC(C)(C)C1=CC(C2=NN=C3C(OCCC4=CC=CC=C4)=NC=CN32)=CC(C(C)(C)C)=C1,4,,,,,,,,,
OSM-S-707,,4,,,,,,,,,
OSM-S-708,,4,,,,,,,,,
OSM-S-709,,4,,,,,,,,,
OSM-S-71,NC1=C2C(C=CS2)=NC=N1,3,,,,,40,,,,
OSM-S-72,O=S(NC1=C2C(SC(C3=CC=CC=C3)=C2)=NC=N1)(C4=CC=CC=C4)=O,3,,,,,40,,,,
OSM-S-73,CC(C(S([H])(=O)=O)=C1)=CC=C1NC2=C3C(C=CS3)=NC=N2,3,,,,,40,,,,
OSM-S-74,COC(C=C1)=CC=C1C2=CC3=NC=NC(NCC4=CC=C(S(NC)(=O)=O)S4)=C3S2,3,,,,,,,,,
OSM-S-75,O=S(N(CC1)CCC1NC2=C3C(C=CS3)=NC=N2)(C4=CC=C(OC)C=C4)=O,3,,,,,40,,,,
OSM-S-76,C[C@@H](C1=CC=CC(S(N)(=O)=O)=C1)NC2=C3C(C=CS3)=NC=N2,3,,,,,40,,,,
OSM-S-77,O=S(C1=C(OCC)C=CC(NC2=C3C(C=CS3)=NC=N2)=C1)(N(C)C)=O,3,,,,,40,,,,
OSM-S-78,NS(C(C=C1)=CC=C1CNC2=C3C(C=CC=C3)=NC(C4=CSC=C4)=N2)(=O)=O,3,,,,,40,,,,
OSM-S-79,NS(C1=CC=CC(CNC2=C3C(C=CS3)=NC=N2)=C1)(=O)=O,3,,,,,40,,,,
OSM-W-1,ClC(C=C1)=CC=C1C2=NN=C3C=NC=C(N=[N+]=[N-])N32,4,,,,,,,,,
OSM-W-10,FC1=CC=C(CCOC2=CN=CC3=NN=C([N]23)C4=CC=C(Cl)C=C4)C=C1,4,,,,,,,,,0.159
OSM-W-2,NC1=CN=CC2=NN=C(C3=CC=C(Cl)C=C3)N21,4,,,,,,,,,
OSM-W-3,FC(C=C1)=CC=C1CCOC2=CN=CC3=NN=C(C4=CC=C(S(C)(=O)=O)C=C4)N32,4,,,,,,,,,2.85
OSM-W-4,[H]N(C1=NN=C(C2=CC=CC=C2)S1)C3=NC(OCCC4=CC=C(F)C=C4)=CN=C3,4,,,,,,,,,100.0
OSM-W-5,FC(C(F)=C1)=CC=C1CCOC2=CN=CC3=NN=C(C4=CC=C(S(C)(=O)=O)C=C4)N32,4,,,,,,,,,0.698
OSM-W-6,O=C(CC1=CC=C(F)C(F)=C1)NC2=CN=CC3=NN=C(C4=CC=C(C#N)C=C4)N32,4,,,,,,,,,2.931
OSM-W-7,O=C(CCC1=CC(F)=C(F)C=C1)NC2=CN=CC3=NN=C(C4=CC=C(C#N)C=C4)N32,4,,,,,,,,,10.0
OSM-W-8,FC1=CC=C(CCOC2=CN=CC3=NN=C([N]23)C4=CC=C(C=C4)C#N)C=C1,4,,,,,,,,,0.934
OSM-W-9,FC1=CC=C(C=C1F)CCOC2=CN=CC3=NN=C(C4=CC=C(C#N)C=C4)N23,4,,,,,,,,,0.294
